[{"model": "admin.logentry", "pk": 1, "fields": {"action_time": "2023-12-17T14:35:26.079Z", "user": 1, "content_type": 12, "object_id": "1", "object_repr": "Contact Block Model", "action_flag": 1, "change_message": "[{\"added\": {}}]"}}, {"model": "admin.logentry", "pk": 2, "fields": {"action_time": "2023-12-17T14:35:30.154Z", "user": 1, "content_type": 12, "object_id": "1", "object_repr": "Contact Block Model", "action_flag": 3, "change_message": ""}}, {"model": "admin.logentry", "pk": 3, "fields": {"action_time": "2023-12-17T14:37:43.523Z", "user": 1, "content_type": 12, "object_id": "2", "object_repr": "Contact Block Model", "action_flag": 1, "change_message": "[{\"added\": {}}]"}}, {"model": "admin.logentry", "pk": 4, "fields": {"action_time": "2023-12-17T14:37:47.908Z", "user": 1, "content_type": 12, "object_id": "2", "object_repr": "Contact Block Model", "action_flag": 3, "change_message": ""}}, {"model": "admin.logentry", "pk": 5, "fields": {"action_time": "2023-12-17T14:38:37.226Z", "user": 1, "content_type": 12, "object_id": "3", "object_repr": "Contact Block Model", "action_flag": 1, "change_message": "[{\"added\": {}}]"}}, {"model": "admin.logentry", "pk": 6, "fields": {"action_time": "2023-12-17T14:41:32.796Z", "user": 1, "content_type": 12, "object_id": "3", "object_repr": "Contact Block Model", "action_flag": 2, "change_message": "[{\"changed\": {\"fields\": [\"Phone\", \"Email\"]}}]"}}, {"model": "admin.logentry", "pk": 7, "fields": {"action_time": "2023-12-17T14:42:43.210Z", "user": 1, "content_type": 20, "object_id": "1", "object_repr": "Reviews", "action_flag": 1, "change_message": "[{\"added\": {}}]"}}, {"model": "admin.logentry", "pk": 8, "fields": {"action_time": "2023-12-17T14:43:51.039Z", "user": 1, "content_type": 20, "object_id": "1", "object_repr": "Reviews", "action_flag": 2, "change_message": "[{\"added\": {\"name\": \"review comments model\", \"object\": \"Review: 1\"}}, {\"added\": {\"name\": \"review comments model\", \"object\": \"Review: 2\"}}, {\"added\": {\"name\": \"review comments model\", \"object\": \"Review: 3\"}}]"}}, {"model": "admin.logentry", "pk": 9, "fields": {"action_time": "2023-12-17T14:44:31.430Z", "user": 1, "content_type": 14, "object_id": "1", "object_repr": "Footer Block Model", "action_flag": 1, "change_message": "[{\"added\": {}}]"}}, {"model": "admin.logentry", "pk": 10, "fields": {"action_time": "2023-12-17T14:45:09.989Z", "user": 1, "content_type": 17, "object_id": "1", "object_repr": "MetadataModel object (1)", "action_flag": 1, "change_message": "[{\"added\": {}}]"}}, {"model": "admin.logentry", "pk": 11, "fields": {"action_time": "2023-12-17T14:46:00.084Z", "user": 1, "content_type": 9, "object_id": "1", "object_repr": "Appointment Block Model", "action_flag": 1, "change_message": "[{\"added\": {}}]"}}, {"model": "admin.logentry", "pk": 12, "fields": {"action_time": "2023-12-17T14:49:34.872Z", "user": 1, "content_type": 7, "object_id": "1", "object_repr": "About Us Page", "action_flag": 1, "change_message": "[{\"added\": {}}, {\"added\": {\"name\": \"about us image slider model\", \"object\": \"AboutUsImageSliderModel object (1)\"}}]"}}, {"model": "admin.logentry", "pk": 13, "fields": {"action_time": "2023-12-17T14:51:42.908Z", "user": 1, "content_type": 7, "object_id": "1", "object_repr": "About Us Page", "action_flag": 2, "change_message": "[{\"added\": {\"name\": \"about us team member model\", \"object\": \"AboutUsTeamMemberModel object (1)\"}}, {\"added\": {\"name\": \"about us team member model\", \"object\": \"AboutUsTeamMemberModel object (2)\"}}, {\"added\": {\"name\": \"about us team member model\", \"object\": \"AboutUsTeamMemberModel object (3)\"}}]"}}, {"model": "admin.logentry", "pk": 14, "fields": {"action_time": "2023-12-17T14:55:44.875Z", "user": 1, "content_type": 7, "object_id": "1", "object_repr": "About Us Page", "action_flag": 2, "change_message": "[{\"added\": {\"name\": \"about us history model\", \"object\": \"AboutUsHistoryModel object (1)\"}}, {\"added\": {\"name\": \"about us history model\", \"object\": \"AboutUsHistoryModel object (2)\"}}, {\"added\": {\"name\": \"about us history model\", \"object\": \"AboutUsHistoryModel object (3)\"}}, {\"added\": {\"name\": \"about us history model\", \"object\": \"AboutUsHistoryModel object (4)\"}}, {\"added\": {\"name\": \"about us history model\", \"object\": \"AboutUsHistoryModel object (5)\"}}, {\"added\": {\"name\": \"about us history model\", \"object\": \"AboutUsHistoryModel object (6)\"}}, {\"added\": {\"name\": \"about us history model\", \"object\": \"AboutUsHistoryModel object (7)\"}}, {\"added\": {\"name\": \"about us history model\", \"object\": \"AboutUsHistoryModel object (8)\"}}, {\"added\": {\"name\": \"about us history model\", \"object\": \"AboutUsHistoryModel object (9)\"}}]"}}, {"model": "admin.logentry", "pk": 15, "fields": {"action_time": "2023-12-17T14:59:44.254Z", "user": 1, "content_type": 13, "object_id": "1", "object_repr": "Contact Page", "action_flag": 1, "change_message": "[{\"added\": {}}, {\"added\": {\"name\": \"contact image slider model\", \"object\": \"ContactImageSliderModel object (1)\"}}, {\"added\": {\"name\": \"address paragraph model\", \"object\": \"Grote Baan 54,\"}}, {\"added\": {\"name\": \"address paragraph model\", \"object\": \"9250 Waasmunster\"}}, {\"added\": {\"name\": \"address paragraph model\", \"object\": \"BE 471 821 955\"}}]"}}, {"model": "admin.logentry", "pk": 16, "fields": {"action_time": "2023-12-17T15:03:56.695Z", "user": 1, "content_type": 19, "object_id": "1", "object_repr": "Privacy Policy", "action_flag": 1, "change_message": "[{\"added\": {}}, {\"added\": {\"name\": \"privacy policy sub block model\", \"object\": \"Privacy Policy sub block 1\"}}]"}}, {"model": "admin.logentry", "pk": 17, "fields": {"action_time": "2023-12-17T15:17:21.280Z", "user": 1, "content_type": 18, "object_id": "1", "object_repr": "Premium Loans Page Model", "action_flag": 1, "change_message": "[{\"added\": {}}]"}}, {"model": "admin.logentry", "pk": 18, "fields": {"action_time": "2023-12-17T15:19:56.785Z", "user": 1, "content_type": 18, "object_id": "1", "object_repr": "Premium Loans Page Model", "action_flag": 2, "change_message": "[{\"added\": {\"name\": \"premium loans slider model\", \"object\": \"PremiumLoansSliderModel object (1)\"}}]"}}, {"model": "admin.logentry", "pk": 19, "fields": {"action_time": "2023-12-17T15:22:24.950Z", "user": 1, "content_type": 16, "object_id": "1", "object_repr": "Make Appointment Page", "action_flag": 1, "change_message": "[{\"added\": {}}, {\"added\": {\"name\": \"make appointment advantage\", \"object\": \"MakeAppointmentAdvantage object (1)\"}}, {\"added\": {\"name\": \"make appointment advantage\", \"object\": \"MakeAppointmentAdvantage object (2)\"}}, {\"added\": {\"name\": \"make appointment advantage\", \"object\": \"MakeAppointmentAdvantage object (3)\"}}]"}}, {"model": "admin.logentry", "pk": 20, "fields": {"action_time": "2023-12-17T15:23:47.856Z", "user": 1, "content_type": 16, "object_id": "1", "object_repr": "Make Appointment Page", "action_flag": 2, "change_message": "[{\"added\": {\"name\": \"make appointment slider\", \"object\": \"MakeAppointmentSlider object (1)\"}}]"}}, {"model": "admin.logentry", "pk": 21, "fields": {"action_time": "2023-12-17T15:31:33.162Z", "user": 1, "content_type": 27, "object_id": "1", "object_repr": "crepi", "action_flag": 1, "change_message": "[{\"added\": {}}]"}}, {"model": "admin.logentry", "pk": 22, "fields": {"action_time": "2023-12-17T15:32:24.984Z", "user": 1, "content_type": 27, "object_id": "1", "object_repr": "crepi", "action_flag": 2, "change_message": "[]"}}, {"model": "admin.logentry", "pk": 23, "fields": {"action_time": "2023-12-17T15:32:43.061Z", "user": 1, "content_type": 27, "object_id": "1", "object_repr": "crepi", "action_flag": 2, "change_message": "[{\"added\": {\"name\": \"animation block\", \"object\": \"AnimationBlock object (1)\"}}]"}}, {"model": "admin.logentry", "pk": 24, "fields": {"action_time": "2023-12-17T15:34:35.448Z", "user": 1, "content_type": 27, "object_id": "1", "object_repr": "crepi", "action_flag": 2, "change_message": "[{\"added\": {\"name\": \"video block\", \"object\": \"VideoBlock object (1)\"}}]"}}, {"model": "admin.logentry", "pk": 25, "fields": {"action_time": "2023-12-17T15:36:18.100Z", "user": 1, "content_type": 10, "object_id": "1", "object_repr": "Calculate Block Model", "action_flag": 1, "change_message": "[{\"added\": {}}]"}}, {"model": "admin.logentry", "pk": 26, "fields": {"action_time": "2023-12-17T15:37:03.881Z", "user": 1, "content_type": 27, "object_id": "1", "object_repr": "Crepi", "action_flag": 2, "change_message": "[{\"changed\": {\"fields\": [\"Name\"]}}, {\"added\": {\"name\": \"calculator block\", \"object\": \"Calculator Image\"}}]"}}, {"model": "admin.logentry", "pk": 27, "fields": {"action_time": "2023-12-17T15:38:04.488Z", "user": 1, "content_type": 27, "object_id": "1", "object_repr": "Crepi", "action_flag": 2, "change_message": "[{\"added\": {\"name\": \"result block\", \"object\": \"ResultBlock object (1)\"}}]"}}, {"model": "admin.logentry", "pk": 28, "fields": {"action_time": "2023-12-17T15:38:43.488Z", "user": 1, "content_type": 27, "object_id": "1", "object_repr": "Crepi", "action_flag": 2, "change_message": "[{\"changed\": {\"name\": \"result block\", \"object\": \"ResultBlock object (1)\", \"fields\": [\"Image_before\", \"Image_after\"]}}]"}}, {"model": "admin.logentry", "pk": 29, "fields": {"action_time": "2023-12-17T15:50:30.346Z", "user": 1, "content_type": 27, "object_id": "1", "object_repr": "Crepi", "action_flag": 2, "change_message": "[{\"added\": {\"name\": \"category slider model\", \"object\": \"CategorySliderModel object (1)\"}}, {\"added\": {\"name\": \"category slider model\", \"object\": \"CategorySliderModel object (2)\"}}, {\"added\": {\"name\": \"category slider model\", \"object\": \"CategorySliderModel object (3)\"}}]"}}, {"model": "admin.logentry", "pk": 30, "fields": {"action_time": "2023-12-17T15:53:58.729Z", "user": 1, "content_type": 27, "object_id": "2", "object_repr": "Spuitkurk", "action_flag": 1, "change_message": "[{\"added\": {}}]"}}, {"model": "admin.logentry", "pk": 31, "fields": {"action_time": "2023-12-17T15:55:56.567Z", "user": 1, "content_type": 27, "object_id": "2", "object_repr": "Spuitkurk", "action_flag": 2, "change_message": "[{\"added\": {\"name\": \"category slider model\", \"object\": \"CategorySliderModel object (4)\"}}, {\"added\": {\"name\": \"category slider model\", \"object\": \"CategorySliderModel object (5)\"}}]"}}, {"model": "admin.logentry", "pk": 32, "fields": {"action_time": "2023-12-17T15:56:16.621Z", "user": 1, "content_type": 27, "object_id": "2", "object_repr": "Spuitkurk", "action_flag": 2, "change_message": "[{\"changed\": {\"name\": \"category slider model\", \"object\": \"CategorySliderModel object (4)\", \"fields\": [\"Slider title\"]}}]"}}, {"model": "admin.logentry", "pk": 33, "fields": {"action_time": "2023-12-17T15:57:44.946Z", "user": 1, "content_type": 27, "object_id": "2", "object_repr": "Spuitkurk", "action_flag": 2, "change_message": "[{\"added\": {\"name\": \"calculator block\", \"object\": \"Calculator Image\"}}, {\"added\": {\"name\": \"video block\", \"object\": \"VideoBlock object (2)\"}}]"}}, {"model": "admin.logentry", "pk": 34, "fields": {"action_time": "2023-12-17T15:58:35.361Z", "user": 1, "content_type": 27, "object_id": "2", "object_repr": "Spuitkurk", "action_flag": 2, "change_message": "[{\"added\": {\"name\": \"result block\", \"object\": \"ResultBlock object (2)\"}}]"}}, {"model": "admin.logentry", "pk": 35, "fields": {"action_time": "2023-12-17T16:02:20.250Z", "user": 1, "content_type": 27, "object_id": "3", "object_repr": "Steenstrips", "action_flag": 1, "change_message": "[{\"added\": {}}]"}}, {"model": "admin.logentry", "pk": 36, "fields": {"action_time": "2023-12-17T16:02:49.127Z", "user": 1, "content_type": 27, "object_id": "3", "object_repr": "Steenstrips", "action_flag": 2, "change_message": "[{\"added\": {\"name\": \"calculator block\", \"object\": \"Calculator Image\"}}]"}}, {"model": "admin.logentry", "pk": 37, "fields": {"action_time": "2023-12-17T16:03:46.913Z", "user": 1, "content_type": 27, "object_id": "3", "object_repr": "Steenstrips", "action_flag": 2, "change_message": "[{\"added\": {\"name\": \"result block\", \"object\": \"ResultBlock object (3)\"}}]"}}, {"model": "admin.logentry", "pk": 38, "fields": {"action_time": "2023-12-17T16:04:49.859Z", "user": 1, "content_type": 27, "object_id": "3", "object_repr": "Steenstrips", "action_flag": 2, "change_message": "[{\"added\": {\"name\": \"cta optional block\", \"object\": \"CTAOptionalBlock object (1)\"}}]"}}, {"model": "admin.logentry", "pk": 39, "fields": {"action_time": "2023-12-17T16:10:57.089Z", "user": 1, "content_type": 27, "object_id": "3", "object_repr": "Steenstrips", "action_flag": 2, "change_message": "[{\"added\": {\"name\": \"category slider model\", \"object\": \"CategorySliderModel object (6)\"}}, {\"added\": {\"name\": \"category slider model\", \"object\": \"CategorySliderModel object (7)\"}}, {\"added\": {\"name\": \"category slider model\", \"object\": \"CategorySliderModel object (8)\"}}]"}}, {"model": "admin.logentry", "pk": 40, "fields": {"action_time": "2023-12-17T16:16:38.429Z", "user": 1, "content_type": 27, "object_id": "4", "object_repr": "Isolatie", "action_flag": 1, "change_message": "[{\"added\": {}}]"}}, {"model": "admin.logentry", "pk": 41, "fields": {"action_time": "2023-12-17T16:17:27.251Z", "user": 1, "content_type": 27, "object_id": "4", "object_repr": "Isolatie", "action_flag": 2, "change_message": "[{\"added\": {\"name\": \"category slider model\", \"object\": \"CategorySliderModel object (9)\"}}, {\"added\": {\"name\": \"category slider model\", \"object\": \"CategorySliderModel object (10)\"}}]"}}, {"model": "admin.logentry", "pk": 42, "fields": {"action_time": "2023-12-17T16:18:45.819Z", "user": 1, "content_type": 27, "object_id": "4", "object_repr": "Isolatie", "action_flag": 2, "change_message": "[{\"added\": {\"name\": \"result block\", \"object\": \"ResultBlock object (4)\"}}]"}}, {"model": "admin.logentry", "pk": 43, "fields": {"action_time": "2023-12-17T16:22:31.360Z", "user": 1, "content_type": 27, "object_id": "4", "object_repr": "Isolatie", "action_flag": 2, "change_message": "[{\"changed\": {\"fields\": [\"Order by\"]}}]"}}, {"model": "admin.logentry", "pk": 44, "fields": {"action_time": "2023-12-17T16:22:42.726Z", "user": 1, "content_type": 27, "object_id": "1", "object_repr": "Crepi", "action_flag": 2, "change_message": "[{\"changed\": {\"fields\": [\"Order by\"]}}]"}}, {"model": "admin.logentry", "pk": 45, "fields": {"action_time": "2023-12-17T16:23:19.562Z", "user": 1, "content_type": 27, "object_id": "2", "object_repr": "Spuitkurk", "action_flag": 2, "change_message": "[{\"changed\": {\"fields\": [\"Order by\"]}}]"}}, {"model": "admin.logentry", "pk": 46, "fields": {"action_time": "2023-12-17T16:23:31.661Z", "user": 1, "content_type": 27, "object_id": "3", "object_repr": "Steenstrips", "action_flag": 2, "change_message": "[{\"changed\": {\"fields\": [\"Order by\"]}}]"}}, {"model": "admin.logentry", "pk": 47, "fields": {"action_time": "2023-12-17T16:24:20.345Z", "user": 1, "content_type": 27, "object_id": "3", "object_repr": "Steenstrips", "action_flag": 2, "change_message": "[{\"changed\": {\"fields\": [\"Introduction left intro\", \"Introduction Left Content\"]}}]"}}, {"model": "admin.logentry", "pk": 48, "fields": {"action_time": "2023-12-17T16:24:32.921Z", "user": 1, "content_type": 27, "object_id": "1", "object_repr": "Crepi", "action_flag": 2, "change_message": "[{\"changed\": {\"fields\": [\"Introduction left intro\", \"Introduction Left Content\"]}}]"}}, {"model": "admin.logentry", "pk": 49, "fields": {"action_time": "2023-12-17T16:24:51.978Z", "user": 1, "content_type": 27, "object_id": "2", "object_repr": "Spuitkurk", "action_flag": 2, "change_message": "[{\"changed\": {\"fields\": [\"Introduction left intro\", \"Introduction Left Content\"]}}]"}}, {"model": "admin.logentry", "pk": 50, "fields": {"action_time": "2023-12-17T16:28:37.698Z", "user": 1, "content_type": 27, "object_id": "5", "object_repr": "Gevelisolatie", "action_flag": 1, "change_message": "[{\"added\": {}}]"}}, {"model": "admin.logentry", "pk": 51, "fields": {"action_time": "2023-12-17T16:47:41.819Z", "user": 1, "content_type": 27, "object_id": "5", "object_repr": "Gevelisolatie", "action_flag": 2, "change_message": "[{\"added\": {\"name\": \"animation block\", \"object\": \"AnimationBlock object (2)\"}}, {\"added\": {\"name\": \"content block\", \"object\": \"ContentBlock object (1)\"}}]"}}, {"model": "admin.logentry", "pk": 52, "fields": {"action_time": "2023-12-17T16:49:05.075Z", "user": 1, "content_type": 27, "object_id": "5", "object_repr": "Gevelisolatie", "action_flag": 2, "change_message": "[{\"added\": {\"name\": \"category slider model\", \"object\": \"CategorySliderModel object (11)\"}}, {\"added\": {\"name\": \"category slider model\", \"object\": \"CategorySliderModel object (12)\"}}, {\"added\": {\"name\": \"category slider model\", \"object\": \"CategorySliderModel object (13)\"}}, {\"added\": {\"name\": \"calculator block\", \"object\": \"Calculator Image\"}}]"}}, {"model": "admin.logentry", "pk": 53, "fields": {"action_time": "2023-12-17T16:49:47.641Z", "user": 1, "content_type": 27, "object_id": "5", "object_repr": "Gevelisolatie", "action_flag": 2, "change_message": "[{\"added\": {\"name\": \"video block\", \"object\": \"VideoBlock object (3)\"}}]"}}, {"model": "admin.logentry", "pk": 54, "fields": {"action_time": "2023-12-17T16:50:40.046Z", "user": 1, "content_type": 27, "object_id": "5", "object_repr": "Gevelisolatie", "action_flag": 2, "change_message": "[{\"added\": {\"name\": \"result block\", \"object\": \"ResultBlock object (5)\"}}]"}}, {"model": "admin.logentry", "pk": 55, "fields": {"action_time": "2023-12-17T17:14:16.027Z", "user": 1, "content_type": 27, "object_id": "6", "object_repr": "Ramen & deuren", "action_flag": 1, "change_message": "[{\"added\": {}}]"}}, {"model": "admin.logentry", "pk": 56, "fields": {"action_time": "2023-12-17T17:16:15.773Z", "user": 1, "content_type": 27, "object_id": "6", "object_repr": "Ramen & deuren", "action_flag": 2, "change_message": "[{\"added\": {\"name\": \"content block\", \"object\": \"ContentBlock object (2)\"}}]"}}, {"model": "admin.logentry", "pk": 57, "fields": {"action_time": "2023-12-17T17:17:09.286Z", "user": 1, "content_type": 27, "object_id": "6", "object_repr": "Ramen & deuren", "action_flag": 2, "change_message": "[{\"added\": {\"name\": \"category slider model\", \"object\": \"CategorySliderModel object (14)\"}}, {\"added\": {\"name\": \"category slider model\", \"object\": \"CategorySliderModel object (15)\"}}]"}}, {"model": "admin.logentry", "pk": 58, "fields": {"action_time": "2023-12-17T17:17:17.939Z", "user": 1, "content_type": 27, "object_id": "6", "object_repr": "Ramen & deuren", "action_flag": 2, "change_message": "[{\"changed\": {\"fields\": [\"Show slider\"]}}]"}}, {"model": "admin.logentry", "pk": 59, "fields": {"action_time": "2023-12-17T17:18:34.384Z", "user": 1, "content_type": 27, "object_id": "6", "object_repr": "Ramen & deuren", "action_flag": 2, "change_message": "[{\"added\": {\"name\": \"animation block\", \"object\": \"AnimationBlock object (3)\"}}]"}}, {"model": "admin.logentry", "pk": 60, "fields": {"action_time": "2023-12-17T17:23:26.051Z", "user": 1, "content_type": 27, "object_id": "6", "object_repr": "Ramen & deuren", "action_flag": 2, "change_message": "[{\"added\": {\"name\": \"result block\", \"object\": \"ResultBlock object (6)\"}}]"}}, {"model": "admin.logentry", "pk": 61, "fields": {"action_time": "2023-12-17T17:27:34.712Z", "user": 1, "content_type": 27, "object_id": "7", "object_repr": "Dakwerken", "action_flag": 1, "change_message": "[{\"added\": {}}]"}}, {"model": "admin.logentry", "pk": 62, "fields": {"action_time": "2023-12-17T17:29:15.315Z", "user": 1, "content_type": 27, "object_id": "7", "object_repr": "Dakwerken", "action_flag": 2, "change_message": "[{\"added\": {\"name\": \"category slider model\", \"object\": \"CategorySliderModel object (16)\"}}, {\"added\": {\"name\": \"category slider model\", \"object\": \"CategorySliderModel object (17)\"}}, {\"added\": {\"name\": \"animation block\", \"object\": \"AnimationBlock object (4)\"}}]"}}, {"model": "admin.logentry", "pk": 63, "fields": {"action_time": "2023-12-17T17:29:45.728Z", "user": 1, "content_type": 27, "object_id": "7", "object_repr": "Dakwerken", "action_flag": 2, "change_message": "[{\"added\": {\"name\": \"content block\", \"object\": \"ContentBlock object (3)\"}}]"}}, {"model": "admin.logentry", "pk": 64, "fields": {"action_time": "2023-12-17T17:30:59.433Z", "user": 1, "content_type": 27, "object_id": "7", "object_repr": "Dakwerken", "action_flag": 2, "change_message": "[{\"added\": {\"name\": \"result block\", \"object\": \"ResultBlock object (7)\"}}]"}}, {"model": "admin.logentry", "pk": 65, "fields": {"action_time": "2023-12-17T17:33:07.248Z", "user": 1, "content_type": 27, "object_id": "6", "object_repr": "Ramen & deuren", "action_flag": 2, "change_message": "[{\"changed\": {\"fields\": [\"Index_preview_icon\"]}}]"}}, {"model": "admin.logentry", "pk": 66, "fields": {"action_time": "2023-12-17T17:37:00.120Z", "user": 1, "content_type": 15, "object_id": "1", "object_repr": "IndexPageModel", "action_flag": 1, "change_message": "[{\"added\": {}}]"}}, {"model": "admin.logentry", "pk": 67, "fields": {"action_time": "2023-12-17T17:41:53.611Z", "user": 1, "content_type": 15, "object_id": "1", "object_repr": "IndexPageModel", "action_flag": 2, "change_message": "[{\"added\": {\"name\": \"index slider model\", \"object\": \"IndexSliderModel object (1)\"}}, {\"added\": {\"name\": \"index slider model\", \"object\": \"IndexSliderModel object (2)\"}}]"}}, {"model": "admin.logentry", "pk": 68, "fields": {"action_time": "2023-12-17T17:56:16.976Z", "user": 1, "content_type": 47, "object_id": "1", "object_repr": "SingleProjectModel 1", "action_flag": 1, "change_message": "[{\"added\": {}}]"}}, {"model": "admin.logentry", "pk": 69, "fields": {"action_time": "2023-12-17T17:57:14.724Z", "user": 1, "content_type": 47, "object_id": "1", "object_repr": "SingleProjectModel 1", "action_flag": 2, "change_message": "[{\"added\": {\"name\": \"single project slider model\", \"object\": \"SingleProjectSliderModel object (1)\"}}]"}}, {"model": "admin.logentry", "pk": 70, "fields": {"action_time": "2023-12-17T17:58:15.762Z", "user": 1, "content_type": 47, "object_id": "1", "object_repr": "SingleProjectModel 1", "action_flag": 2, "change_message": "[{\"added\": {\"name\": \"gallery item model\", \"object\": \"GalleryItemModel object (1)\"}}, {\"added\": {\"name\": \"gallery item model\", \"object\": \"GalleryItemModel object (2)\"}}, {\"added\": {\"name\": \"gallery item model\", \"object\": \"GalleryItemModel object (3)\"}}, {\"added\": {\"name\": \"gallery item model\", \"object\": \"GalleryItemModel object (4)\"}}]"}}, {"model": "admin.logentry", "pk": 71, "fields": {"action_time": "2023-12-17T18:00:04.476Z", "user": 1, "content_type": 47, "object_id": "1", "object_repr": "SingleProjectModel 1", "action_flag": 2, "change_message": "[{\"added\": {\"name\": \"specifications block one\", \"object\": \"SpecificationsBlockOne Type project\"}}, {\"added\": {\"name\": \"specifications block one\", \"object\": \"SpecificationsBlockOne Korrel\"}}, {\"added\": {\"name\": \"specifications block one\", \"object\": \"SpecificationsBlockOne Extra\\u2019s\"}}, {\"added\": {\"name\": \"specifications block one\", \"object\": \"SpecificationsBlockOne Oppervlakte in m2\"}}, {\"added\": {\"name\": \"specifications block one\", \"object\": \"SpecificationsBlockOne Opdrachtgever\"}}, {\"added\": {\"name\": \"specifications block one\", \"object\": \"SpecificationsBlockOne Ligging\"}}, {\"added\": {\"name\": \"specifications block one\", \"object\": \"SpecificationsBlockOne Architect\"}}, {\"added\": {\"name\": \"specifications block one\", \"object\": \"SpecificationsBlockOne Aanvang der werken\"}}, {\"added\": {\"name\": \"specifications block one\", \"object\": \"SpecificationsBlockOne Uitvoeringstermijn\"}}]"}}, {"model": "admin.logentry", "pk": 72, "fields": {"action_time": "2023-12-17T18:00:29.275Z", "user": 1, "content_type": 47, "object_id": "1", "object_repr": "SingleProjectModel 1", "action_flag": 2, "change_message": "[{\"added\": {\"name\": \"specifications block two\", \"object\": \"SpecificationsBlockTwo 1\"}}, {\"added\": {\"name\": \"specifications block two\", \"object\": \"SpecificationsBlockTwo 2\"}}]"}}, {"model": "admin.logentry", "pk": 73, "fields": {"action_time": "2023-12-17T18:01:14.426Z", "user": 1, "content_type": 47, "object_id": "1", "object_repr": "SingleProjectModel 1", "action_flag": 2, "change_message": "[{\"added\": {\"name\": \"single page result block\", \"object\": \"SinglePageResultBlock object (1)\"}}]"}}, {"model": "admin.logentry", "pk": 74, "fields": {"action_time": "2023-12-17T18:02:26.217Z", "user": 1, "content_type": 47, "object_id": "1", "object_repr": "SingleProjectModel 1", "action_flag": 2, "change_message": "[{\"added\": {\"name\": \"single page calculator block\", \"object\": \"Calculator Image\"}}]"}}, {"model": "admin.logentry", "pk": 75, "fields": {"action_time": "2023-12-17T18:03:14.222Z", "user": 1, "content_type": 47, "object_id": "1", "object_repr": "SingleProjectModel 1", "action_flag": 2, "change_message": "[{\"added\": {\"name\": \"preview item model\", \"object\": \"Preview Image 1\"}}, {\"added\": {\"name\": \"preview item model\", \"object\": \"Preview Image 2\"}}]"}}, {"model": "admin.logentry", "pk": 76, "fields": {"action_time": "2023-12-17T18:48:03.255Z", "user": 1, "content_type": 8, "object_id": "1", "object_repr": "AllProjectPageModel", "action_flag": 1, "change_message": "[{\"added\": {}}, {\"added\": {\"name\": \"all project calculator block\", \"object\": \"Calculator Image\"}}]"}}, {"model": "admin.logentry", "pk": 77, "fields": {"action_time": "2023-12-17T18:51:48.508Z", "user": 1, "content_type": 8, "object_id": "1", "object_repr": "AllProjectPageModel", "action_flag": 2, "change_message": "[{\"added\": {\"name\": \"all project slider model\", \"object\": \"AllProjectSliderModel object (1)\"}}]"}}, {"model": "auth.permission", "pk": 1, "fields": {"name": "Can add log entry", "content_type": 1, "codename": "add_logentry"}}, {"model": "auth.permission", "pk": 2, "fields": {"name": "Can change log entry", "content_type": 1, "codename": "change_logentry"}}, {"model": "auth.permission", "pk": 3, "fields": {"name": "Can delete log entry", "content_type": 1, "codename": "delete_logentry"}}, {"model": "auth.permission", "pk": 4, "fields": {"name": "Can view log entry", "content_type": 1, "codename": "view_logentry"}}, {"model": "auth.permission", "pk": 5, "fields": {"name": "Can add permission", "content_type": 2, "codename": "add_permission"}}, {"model": "auth.permission", "pk": 6, "fields": {"name": "Can change permission", "content_type": 2, "codename": "change_permission"}}, {"model": "auth.permission", "pk": 7, "fields": {"name": "Can delete permission", "content_type": 2, "codename": "delete_permission"}}, {"model": "auth.permission", "pk": 8, "fields": {"name": "Can view permission", "content_type": 2, "codename": "view_permission"}}, {"model": "auth.permission", "pk": 9, "fields": {"name": "Can add group", "content_type": 3, "codename": "add_group"}}, {"model": "auth.permission", "pk": 10, "fields": {"name": "Can change group", "content_type": 3, "codename": "change_group"}}, {"model": "auth.permission", "pk": 11, "fields": {"name": "Can delete group", "content_type": 3, "codename": "delete_group"}}, {"model": "auth.permission", "pk": 12, "fields": {"name": "Can view group", "content_type": 3, "codename": "view_group"}}, {"model": "auth.permission", "pk": 13, "fields": {"name": "Can add user", "content_type": 4, "codename": "add_user"}}, {"model": "auth.permission", "pk": 14, "fields": {"name": "Can change user", "content_type": 4, "codename": "change_user"}}, {"model": "auth.permission", "pk": 15, "fields": {"name": "Can delete user", "content_type": 4, "codename": "delete_user"}}, {"model": "auth.permission", "pk": 16, "fields": {"name": "Can view user", "content_type": 4, "codename": "view_user"}}, {"model": "auth.permission", "pk": 17, "fields": {"name": "Can add content type", "content_type": 5, "codename": "add_contenttype"}}, {"model": "auth.permission", "pk": 18, "fields": {"name": "Can change content type", "content_type": 5, "codename": "change_contenttype"}}, {"model": "auth.permission", "pk": 19, "fields": {"name": "Can delete content type", "content_type": 5, "codename": "delete_contenttype"}}, {"model": "auth.permission", "pk": 20, "fields": {"name": "Can view content type", "content_type": 5, "codename": "view_contenttype"}}, {"model": "auth.permission", "pk": 21, "fields": {"name": "Can add session", "content_type": 6, "codename": "add_session"}}, {"model": "auth.permission", "pk": 22, "fields": {"name": "Can change session", "content_type": 6, "codename": "change_session"}}, {"model": "auth.permission", "pk": 23, "fields": {"name": "Can delete session", "content_type": 6, "codename": "delete_session"}}, {"model": "auth.permission", "pk": 24, "fields": {"name": "Can view session", "content_type": 6, "codename": "view_session"}}, {"model": "auth.permission", "pk": 25, "fields": {"name": "Can add about us page model", "content_type": 7, "codename": "add_aboutuspagemodel"}}, {"model": "auth.permission", "pk": 26, "fields": {"name": "Can change about us page model", "content_type": 7, "codename": "change_aboutuspagemodel"}}, {"model": "auth.permission", "pk": 27, "fields": {"name": "Can delete about us page model", "content_type": 7, "codename": "delete_aboutuspagemodel"}}, {"model": "auth.permission", "pk": 28, "fields": {"name": "Can view about us page model", "content_type": 7, "codename": "view_aboutuspagemodel"}}, {"model": "auth.permission", "pk": 29, "fields": {"name": "Can add all project page model", "content_type": 8, "codename": "add_allprojectpagemodel"}}, {"model": "auth.permission", "pk": 30, "fields": {"name": "Can change all project page model", "content_type": 8, "codename": "change_allprojectpagemodel"}}, {"model": "auth.permission", "pk": 31, "fields": {"name": "Can delete all project page model", "content_type": 8, "codename": "delete_allprojectpagemodel"}}, {"model": "auth.permission", "pk": 32, "fields": {"name": "Can view all project page model", "content_type": 8, "codename": "view_allprojectpagemodel"}}, {"model": "auth.permission", "pk": 33, "fields": {"name": "Can add appointment model", "content_type": 9, "codename": "add_appointmentmodel"}}, {"model": "auth.permission", "pk": 34, "fields": {"name": "Can change appointment model", "content_type": 9, "codename": "change_appointmentmodel"}}, {"model": "auth.permission", "pk": 35, "fields": {"name": "Can delete appointment model", "content_type": 9, "codename": "delete_appointmentmodel"}}, {"model": "auth.permission", "pk": 36, "fields": {"name": "Can view appointment model", "content_type": 9, "codename": "view_appointmentmodel"}}, {"model": "auth.permission", "pk": 37, "fields": {"name": "Can add calculated block model", "content_type": 10, "codename": "add_calculatedblockmodel"}}, {"model": "auth.permission", "pk": 38, "fields": {"name": "Can change calculated block model", "content_type": 10, "codename": "change_calculatedblockmodel"}}, {"model": "auth.permission", "pk": 39, "fields": {"name": "Can delete calculated block model", "content_type": 10, "codename": "delete_calculatedblockmodel"}}, {"model": "auth.permission", "pk": 40, "fields": {"name": "Can view calculated block model", "content_type": 10, "codename": "view_calculatedblockmodel"}}, {"model": "auth.permission", "pk": 41, "fields": {"name": "Can add contact feedback model", "content_type": 11, "codename": "add_contactfeedbackmodel"}}, {"model": "auth.permission", "pk": 42, "fields": {"name": "Can change contact feedback model", "content_type": 11, "codename": "change_contactfeedbackmodel"}}, {"model": "auth.permission", "pk": 43, "fields": {"name": "Can delete contact feedback model", "content_type": 11, "codename": "delete_contactfeedbackmodel"}}, {"model": "auth.permission", "pk": 44, "fields": {"name": "Can view contact feedback model", "content_type": 11, "codename": "view_contactfeedbackmodel"}}, {"model": "auth.permission", "pk": 45, "fields": {"name": "Can add contact model", "content_type": 12, "codename": "add_contactmodel"}}, {"model": "auth.permission", "pk": 46, "fields": {"name": "Can change contact model", "content_type": 12, "codename": "change_contactmodel"}}, {"model": "auth.permission", "pk": 47, "fields": {"name": "Can delete contact model", "content_type": 12, "codename": "delete_contactmodel"}}, {"model": "auth.permission", "pk": 48, "fields": {"name": "Can view contact model", "content_type": 12, "codename": "view_contactmodel"}}, {"model": "auth.permission", "pk": 49, "fields": {"name": "Can add contact page model", "content_type": 13, "codename": "add_contactpagemodel"}}, {"model": "auth.permission", "pk": 50, "fields": {"name": "Can change contact page model", "content_type": 13, "codename": "change_contactpagemodel"}}, {"model": "auth.permission", "pk": 51, "fields": {"name": "Can delete contact page model", "content_type": 13, "codename": "delete_contactpagemodel"}}, {"model": "auth.permission", "pk": 52, "fields": {"name": "Can view contact page model", "content_type": 13, "codename": "view_contactpagemodel"}}, {"model": "auth.permission", "pk": 53, "fields": {"name": "Can add footer model", "content_type": 14, "codename": "add_footermodel"}}, {"model": "auth.permission", "pk": 54, "fields": {"name": "Can change footer model", "content_type": 14, "codename": "change_footermodel"}}, {"model": "auth.permission", "pk": 55, "fields": {"name": "Can delete footer model", "content_type": 14, "codename": "delete_footermodel"}}, {"model": "auth.permission", "pk": 56, "fields": {"name": "Can view footer model", "content_type": 14, "codename": "view_footermodel"}}, {"model": "auth.permission", "pk": 57, "fields": {"name": "Can add index page model", "content_type": 15, "codename": "add_indexpagemodel"}}, {"model": "auth.permission", "pk": 58, "fields": {"name": "Can change index page model", "content_type": 15, "codename": "change_indexpagemodel"}}, {"model": "auth.permission", "pk": 59, "fields": {"name": "Can delete index page model", "content_type": 15, "codename": "delete_indexpagemodel"}}, {"model": "auth.permission", "pk": 60, "fields": {"name": "Can view index page model", "content_type": 15, "codename": "view_indexpagemodel"}}, {"model": "auth.permission", "pk": 61, "fields": {"name": "Can add make appointment page model", "content_type": 16, "codename": "add_makeappointmentpagemodel"}}, {"model": "auth.permission", "pk": 62, "fields": {"name": "Can change make appointment page model", "content_type": 16, "codename": "change_makeappointmentpagemodel"}}, {"model": "auth.permission", "pk": 63, "fields": {"name": "Can delete make appointment page model", "content_type": 16, "codename": "delete_makeappointmentpagemodel"}}, {"model": "auth.permission", "pk": 64, "fields": {"name": "Can view make appointment page model", "content_type": 16, "codename": "view_makeappointmentpagemodel"}}, {"model": "auth.permission", "pk": 65, "fields": {"name": "Can add metadata model", "content_type": 17, "codename": "add_metadatamodel"}}, {"model": "auth.permission", "pk": 66, "fields": {"name": "Can change metadata model", "content_type": 17, "codename": "change_metadatamodel"}}, {"model": "auth.permission", "pk": 67, "fields": {"name": "Can delete metadata model", "content_type": 17, "codename": "delete_metadatamodel"}}, {"model": "auth.permission", "pk": 68, "fields": {"name": "Can view metadata model", "content_type": 17, "codename": "view_metadatamodel"}}, {"model": "auth.permission", "pk": 69, "fields": {"name": "Can add premium loans page model", "content_type": 18, "codename": "add_premiumloanspagemodel"}}, {"model": "auth.permission", "pk": 70, "fields": {"name": "Can change premium loans page model", "content_type": 18, "codename": "change_premiumloanspagemodel"}}, {"model": "auth.permission", "pk": 71, "fields": {"name": "Can delete premium loans page model", "content_type": 18, "codename": "delete_premiumloanspagemodel"}}, {"model": "auth.permission", "pk": 72, "fields": {"name": "Can view premium loans page model", "content_type": 18, "codename": "view_premiumloanspagemodel"}}, {"model": "auth.permission", "pk": 73, "fields": {"name": "Can add privacy policy model", "content_type": 19, "codename": "add_privacypolicymodel"}}, {"model": "auth.permission", "pk": 74, "fields": {"name": "Can change privacy policy model", "content_type": 19, "codename": "change_privacypolicymodel"}}, {"model": "auth.permission", "pk": 75, "fields": {"name": "Can delete privacy policy model", "content_type": 19, "codename": "delete_privacypolicymodel"}}, {"model": "auth.permission", "pk": 76, "fields": {"name": "Can view privacy policy model", "content_type": 19, "codename": "view_privacypolicymodel"}}, {"model": "auth.permission", "pk": 77, "fields": {"name": "Can add reviews stars model", "content_type": 20, "codename": "add_reviewsstarsmodel"}}, {"model": "auth.permission", "pk": 78, "fields": {"name": "Can change reviews stars model", "content_type": 20, "codename": "change_reviewsstarsmodel"}}, {"model": "auth.permission", "pk": 79, "fields": {"name": "Can delete reviews stars model", "content_type": 20, "codename": "delete_reviewsstarsmodel"}}, {"model": "auth.permission", "pk": 80, "fields": {"name": "Can view reviews stars model", "content_type": 20, "codename": "view_reviewsstarsmodel"}}, {"model": "auth.permission", "pk": 81, "fields": {"name": "Can add services appointment", "content_type": 21, "codename": "add_servicesappointment"}}, {"model": "auth.permission", "pk": 82, "fields": {"name": "Can change services appointment", "content_type": 21, "codename": "change_servicesappointment"}}, {"model": "auth.permission", "pk": 83, "fields": {"name": "Can delete services appointment", "content_type": 21, "codename": "delete_servicesappointment"}}, {"model": "auth.permission", "pk": 84, "fields": {"name": "Can view services appointment", "content_type": 21, "codename": "view_servicesappointment"}}, {"model": "auth.permission", "pk": 85, "fields": {"name": "Can add about us image slider model", "content_type": 22, "codename": "add_aboutusimageslidermodel"}}, {"model": "auth.permission", "pk": 86, "fields": {"name": "Can change about us image slider model", "content_type": 22, "codename": "change_aboutusimageslidermodel"}}, {"model": "auth.permission", "pk": 87, "fields": {"name": "Can delete about us image slider model", "content_type": 22, "codename": "delete_aboutusimageslidermodel"}}, {"model": "auth.permission", "pk": 88, "fields": {"name": "Can view about us image slider model", "content_type": 22, "codename": "view_aboutusimageslidermodel"}}, {"model": "auth.permission", "pk": 89, "fields": {"name": "Can add about us history model", "content_type": 23, "codename": "add_aboutushistorymodel"}}, {"model": "auth.permission", "pk": 90, "fields": {"name": "Can change about us history model", "content_type": 23, "codename": "change_aboutushistorymodel"}}, {"model": "auth.permission", "pk": 91, "fields": {"name": "Can delete about us history model", "content_type": 23, "codename": "delete_aboutushistorymodel"}}, {"model": "auth.permission", "pk": 92, "fields": {"name": "Can view about us history model", "content_type": 23, "codename": "view_aboutushistorymodel"}}, {"model": "auth.permission", "pk": 93, "fields": {"name": "Can add about us team member model", "content_type": 24, "codename": "add_aboutusteammembermodel"}}, {"model": "auth.permission", "pk": 94, "fields": {"name": "Can change about us team member model", "content_type": 24, "codename": "change_aboutusteammembermodel"}}, {"model": "auth.permission", "pk": 95, "fields": {"name": "Can delete about us team member model", "content_type": 24, "codename": "delete_aboutusteammembermodel"}}, {"model": "auth.permission", "pk": 96, "fields": {"name": "Can view about us team member model", "content_type": 24, "codename": "view_aboutusteammembermodel"}}, {"model": "auth.permission", "pk": 97, "fields": {"name": "Can add all project calculator block", "content_type": 25, "codename": "add_allprojectcalculatorblock"}}, {"model": "auth.permission", "pk": 98, "fields": {"name": "Can change all project calculator block", "content_type": 25, "codename": "change_allprojectcalculatorblock"}}, {"model": "auth.permission", "pk": 99, "fields": {"name": "Can delete all project calculator block", "content_type": 25, "codename": "delete_allprojectcalculatorblock"}}, {"model": "auth.permission", "pk": 100, "fields": {"name": "Can view all project calculator block", "content_type": 25, "codename": "view_allprojectcalculatorblock"}}, {"model": "auth.permission", "pk": 101, "fields": {"name": "Can add all project slider model", "content_type": 26, "codename": "add_allprojectslidermodel"}}, {"model": "auth.permission", "pk": 102, "fields": {"name": "Can change all project slider model", "content_type": 26, "codename": "change_allprojectslidermodel"}}, {"model": "auth.permission", "pk": 103, "fields": {"name": "Can delete all project slider model", "content_type": 26, "codename": "delete_allprojectslidermodel"}}, {"model": "auth.permission", "pk": 104, "fields": {"name": "Can view all project slider model", "content_type": 26, "codename": "view_allprojectslidermodel"}}, {"model": "auth.permission", "pk": 105, "fields": {"name": "Can add category page", "content_type": 27, "codename": "add_categorypage"}}, {"model": "auth.permission", "pk": 106, "fields": {"name": "Can change category page", "content_type": 27, "codename": "change_categorypage"}}, {"model": "auth.permission", "pk": 107, "fields": {"name": "Can delete category page", "content_type": 27, "codename": "delete_categorypage"}}, {"model": "auth.permission", "pk": 108, "fields": {"name": "Can view category page", "content_type": 27, "codename": "view_categorypage"}}, {"model": "auth.permission", "pk": 109, "fields": {"name": "Can add calculator block", "content_type": 28, "codename": "add_calculatorblock"}}, {"model": "auth.permission", "pk": 110, "fields": {"name": "Can change calculator block", "content_type": 28, "codename": "change_calculatorblock"}}, {"model": "auth.permission", "pk": 111, "fields": {"name": "Can delete calculator block", "content_type": 28, "codename": "delete_calculatorblock"}}, {"model": "auth.permission", "pk": 112, "fields": {"name": "Can view calculator block", "content_type": 28, "codename": "view_calculatorblock"}}, {"model": "auth.permission", "pk": 113, "fields": {"name": "Can add animation block", "content_type": 29, "codename": "add_animationblock"}}, {"model": "auth.permission", "pk": 114, "fields": {"name": "Can change animation block", "content_type": 29, "codename": "change_animationblock"}}, {"model": "auth.permission", "pk": 115, "fields": {"name": "Can delete animation block", "content_type": 29, "codename": "delete_animationblock"}}, {"model": "auth.permission", "pk": 116, "fields": {"name": "Can view animation block", "content_type": 29, "codename": "view_animationblock"}}, {"model": "auth.permission", "pk": 117, "fields": {"name": "Can add category slider model", "content_type": 30, "codename": "add_categoryslidermodel"}}, {"model": "auth.permission", "pk": 118, "fields": {"name": "Can change category slider model", "content_type": 30, "codename": "change_categoryslidermodel"}}, {"model": "auth.permission", "pk": 119, "fields": {"name": "Can delete category slider model", "content_type": 30, "codename": "delete_categoryslidermodel"}}, {"model": "auth.permission", "pk": 120, "fields": {"name": "Can view category slider model", "content_type": 30, "codename": "view_categoryslidermodel"}}, {"model": "auth.permission", "pk": 121, "fields": {"name": "Can add contact image slider model", "content_type": 31, "codename": "add_contactimageslidermodel"}}, {"model": "auth.permission", "pk": 122, "fields": {"name": "Can change contact image slider model", "content_type": 31, "codename": "change_contactimageslidermodel"}}, {"model": "auth.permission", "pk": 123, "fields": {"name": "Can delete contact image slider model", "content_type": 31, "codename": "delete_contactimageslidermodel"}}, {"model": "auth.permission", "pk": 124, "fields": {"name": "Can view contact image slider model", "content_type": 31, "codename": "view_contactimageslidermodel"}}, {"model": "auth.permission", "pk": 125, "fields": {"name": "Can add address paragraph model", "content_type": 32, "codename": "add_addressparagraphmodel"}}, {"model": "auth.permission", "pk": 126, "fields": {"name": "Can change address paragraph model", "content_type": 32, "codename": "change_addressparagraphmodel"}}, {"model": "auth.permission", "pk": 127, "fields": {"name": "Can delete address paragraph model", "content_type": 32, "codename": "delete_addressparagraphmodel"}}, {"model": "auth.permission", "pk": 128, "fields": {"name": "Can view address paragraph model", "content_type": 32, "codename": "view_addressparagraphmodel"}}, {"model": "auth.permission", "pk": 129, "fields": {"name": "Can add content block", "content_type": 33, "codename": "add_contentblock"}}, {"model": "auth.permission", "pk": 130, "fields": {"name": "Can change content block", "content_type": 33, "codename": "change_contentblock"}}, {"model": "auth.permission", "pk": 131, "fields": {"name": "Can delete content block", "content_type": 33, "codename": "delete_contentblock"}}, {"model": "auth.permission", "pk": 132, "fields": {"name": "Can view content block", "content_type": 33, "codename": "view_contentblock"}}, {"model": "auth.permission", "pk": 133, "fields": {"name": "Can add cta optional block", "content_type": 34, "codename": "add_ctaoptionalblock"}}, {"model": "auth.permission", "pk": 134, "fields": {"name": "Can change cta optional block", "content_type": 34, "codename": "change_ctaoptionalblock"}}, {"model": "auth.permission", "pk": 135, "fields": {"name": "Can delete cta optional block", "content_type": 34, "codename": "delete_ctaoptionalblock"}}, {"model": "auth.permission", "pk": 136, "fields": {"name": "Can view cta optional block", "content_type": 34, "codename": "view_ctaoptionalblock"}}, {"model": "auth.permission", "pk": 137, "fields": {"name": "Can add description block", "content_type": 35, "codename": "add_descriptionblock"}}, {"model": "auth.permission", "pk": 138, "fields": {"name": "Can change description block", "content_type": 35, "codename": "change_descriptionblock"}}, {"model": "auth.permission", "pk": 139, "fields": {"name": "Can delete description block", "content_type": 35, "codename": "delete_descriptionblock"}}, {"model": "auth.permission", "pk": 140, "fields": {"name": "Can view description block", "content_type": 35, "codename": "view_descriptionblock"}}, {"model": "auth.permission", "pk": 141, "fields": {"name": "Can add index calculator block", "content_type": 36, "codename": "add_indexcalculatorblock"}}, {"model": "auth.permission", "pk": 142, "fields": {"name": "Can change index calculator block", "content_type": 36, "codename": "change_indexcalculatorblock"}}, {"model": "auth.permission", "pk": 143, "fields": {"name": "Can delete index calculator block", "content_type": 36, "codename": "delete_indexcalculatorblock"}}, {"model": "auth.permission", "pk": 144, "fields": {"name": "Can view index calculator block", "content_type": 36, "codename": "view_indexcalculatorblock"}}, {"model": "auth.permission", "pk": 145, "fields": {"name": "Can add index slider model", "content_type": 37, "codename": "add_indexslidermodel"}}, {"model": "auth.permission", "pk": 146, "fields": {"name": "Can change index slider model", "content_type": 37, "codename": "change_indexslidermodel"}}, {"model": "auth.permission", "pk": 147, "fields": {"name": "Can delete index slider model", "content_type": 37, "codename": "delete_indexslidermodel"}}, {"model": "auth.permission", "pk": 148, "fields": {"name": "Can view index slider model", "content_type": 37, "codename": "view_indexslidermodel"}}, {"model": "auth.permission", "pk": 149, "fields": {"name": "Can add make appointment advantage", "content_type": 38, "codename": "add_makeappointmentadvantage"}}, {"model": "auth.permission", "pk": 150, "fields": {"name": "Can change make appointment advantage", "content_type": 38, "codename": "change_makeappointmentadvantage"}}, {"model": "auth.permission", "pk": 151, "fields": {"name": "Can delete make appointment advantage", "content_type": 38, "codename": "delete_makeappointmentadvantage"}}, {"model": "auth.permission", "pk": 152, "fields": {"name": "Can view make appointment advantage", "content_type": 38, "codename": "view_makeappointmentadvantage"}}, {"model": "auth.permission", "pk": 153, "fields": {"name": "Can add make appointment slider", "content_type": 39, "codename": "add_makeappointmentslider"}}, {"model": "auth.permission", "pk": 154, "fields": {"name": "Can change make appointment slider", "content_type": 39, "codename": "change_makeappointmentslider"}}, {"model": "auth.permission", "pk": 155, "fields": {"name": "Can delete make appointment slider", "content_type": 39, "codename": "delete_makeappointmentslider"}}, {"model": "auth.permission", "pk": 156, "fields": {"name": "Can view make appointment slider", "content_type": 39, "codename": "view_makeappointmentslider"}}, {"model": "auth.permission", "pk": 157, "fields": {"name": "Can add premium loans slider model", "content_type": 40, "codename": "add_premiumloansslidermodel"}}, {"model": "auth.permission", "pk": 158, "fields": {"name": "Can change premium loans slider model", "content_type": 40, "codename": "change_premiumloansslidermodel"}}, {"model": "auth.permission", "pk": 159, "fields": {"name": "Can delete premium loans slider model", "content_type": 40, "codename": "delete_premiumloansslidermodel"}}, {"model": "auth.permission", "pk": 160, "fields": {"name": "Can view premium loans slider model", "content_type": 40, "codename": "view_premiumloansslidermodel"}}, {"model": "auth.permission", "pk": 161, "fields": {"name": "Can add privacy policy sub block model", "content_type": 41, "codename": "add_privacypolicysubblockmodel"}}, {"model": "auth.permission", "pk": 162, "fields": {"name": "Can change privacy policy sub block model", "content_type": 41, "codename": "change_privacypolicysubblockmodel"}}, {"model": "auth.permission", "pk": 163, "fields": {"name": "Can delete privacy policy sub block model", "content_type": 41, "codename": "delete_privacypolicysubblockmodel"}}, {"model": "auth.permission", "pk": 164, "fields": {"name": "Can view privacy policy sub block model", "content_type": 41, "codename": "view_privacypolicysubblockmodel"}}, {"model": "auth.permission", "pk": 165, "fields": {"name": "Can add project block", "content_type": 42, "codename": "add_projectblock"}}, {"model": "auth.permission", "pk": 166, "fields": {"name": "Can change project block", "content_type": 42, "codename": "change_projectblock"}}, {"model": "auth.permission", "pk": 167, "fields": {"name": "Can delete project block", "content_type": 42, "codename": "delete_projectblock"}}, {"model": "auth.permission", "pk": 168, "fields": {"name": "Can view project block", "content_type": 42, "codename": "view_projectblock"}}, {"model": "auth.permission", "pk": 169, "fields": {"name": "Can add related projects", "content_type": 43, "codename": "add_relatedprojects"}}, {"model": "auth.permission", "pk": 170, "fields": {"name": "Can change related projects", "content_type": 43, "codename": "change_relatedprojects"}}, {"model": "auth.permission", "pk": 171, "fields": {"name": "Can delete related projects", "content_type": 43, "codename": "delete_relatedprojects"}}, {"model": "auth.permission", "pk": 172, "fields": {"name": "Can view related projects", "content_type": 43, "codename": "view_relatedprojects"}}, {"model": "auth.permission", "pk": 173, "fields": {"name": "Can add result block", "content_type": 44, "codename": "add_resultblock"}}, {"model": "auth.permission", "pk": 174, "fields": {"name": "Can change result block", "content_type": 44, "codename": "change_resultblock"}}, {"model": "auth.permission", "pk": 175, "fields": {"name": "Can delete result block", "content_type": 44, "codename": "delete_resultblock"}}, {"model": "auth.permission", "pk": 176, "fields": {"name": "Can view result block", "content_type": 44, "codename": "view_resultblock"}}, {"model": "auth.permission", "pk": 177, "fields": {"name": "Can add review comments model", "content_type": 45, "codename": "add_reviewcommentsmodel"}}, {"model": "auth.permission", "pk": 178, "fields": {"name": "Can change review comments model", "content_type": 45, "codename": "change_reviewcommentsmodel"}}, {"model": "auth.permission", "pk": 179, "fields": {"name": "Can delete review comments model", "content_type": 45, "codename": "delete_reviewcommentsmodel"}}, {"model": "auth.permission", "pk": 180, "fields": {"name": "Can view review comments model", "content_type": 45, "codename": "view_reviewcommentsmodel"}}, {"model": "auth.permission", "pk": 181, "fields": {"name": "Can add feedback", "content_type": 46, "codename": "add_feedback"}}, {"model": "auth.permission", "pk": 182, "fields": {"name": "Can change feedback", "content_type": 46, "codename": "change_feedback"}}, {"model": "auth.permission", "pk": 183, "fields": {"name": "Can delete feedback", "content_type": 46, "codename": "delete_feedback"}}, {"model": "auth.permission", "pk": 184, "fields": {"name": "Can view feedback", "content_type": 46, "codename": "view_feedback"}}, {"model": "auth.permission", "pk": 185, "fields": {"name": "Can add single project model", "content_type": 47, "codename": "add_singleprojectmodel"}}, {"model": "auth.permission", "pk": 186, "fields": {"name": "Can change single project model", "content_type": 47, "codename": "change_singleprojectmodel"}}, {"model": "auth.permission", "pk": 187, "fields": {"name": "Can delete single project model", "content_type": 47, "codename": "delete_singleprojectmodel"}}, {"model": "auth.permission", "pk": 188, "fields": {"name": "Can view single project model", "content_type": 47, "codename": "view_singleprojectmodel"}}, {"model": "auth.permission", "pk": 189, "fields": {"name": "Can add single page result block", "content_type": 48, "codename": "add_singlepageresultblock"}}, {"model": "auth.permission", "pk": 190, "fields": {"name": "Can change single page result block", "content_type": 48, "codename": "change_singlepageresultblock"}}, {"model": "auth.permission", "pk": 191, "fields": {"name": "Can delete single page result block", "content_type": 48, "codename": "delete_singlepageresultblock"}}, {"model": "auth.permission", "pk": 192, "fields": {"name": "Can view single page result block", "content_type": 48, "codename": "view_singlepageresultblock"}}, {"model": "auth.permission", "pk": 193, "fields": {"name": "Can add single page calculator block", "content_type": 49, "codename": "add_singlepagecalculatorblock"}}, {"model": "auth.permission", "pk": 194, "fields": {"name": "Can change single page calculator block", "content_type": 49, "codename": "change_singlepagecalculatorblock"}}, {"model": "auth.permission", "pk": 195, "fields": {"name": "Can delete single page calculator block", "content_type": 49, "codename": "delete_singlepagecalculatorblock"}}, {"model": "auth.permission", "pk": 196, "fields": {"name": "Can view single page calculator block", "content_type": 49, "codename": "view_singlepagecalculatorblock"}}, {"model": "auth.permission", "pk": 197, "fields": {"name": "Can add preview item model", "content_type": 50, "codename": "add_previewitemmodel"}}, {"model": "auth.permission", "pk": 198, "fields": {"name": "Can change preview item model", "content_type": 50, "codename": "change_previewitemmodel"}}, {"model": "auth.permission", "pk": 199, "fields": {"name": "Can delete preview item model", "content_type": 50, "codename": "delete_previewitemmodel"}}, {"model": "auth.permission", "pk": 200, "fields": {"name": "Can view preview item model", "content_type": 50, "codename": "view_previewitemmodel"}}, {"model": "auth.permission", "pk": 201, "fields": {"name": "Can add gallery item model", "content_type": 51, "codename": "add_galleryitemmodel"}}, {"model": "auth.permission", "pk": 202, "fields": {"name": "Can change gallery item model", "content_type": 51, "codename": "change_galleryitemmodel"}}, {"model": "auth.permission", "pk": 203, "fields": {"name": "Can delete gallery item model", "content_type": 51, "codename": "delete_galleryitemmodel"}}, {"model": "auth.permission", "pk": 204, "fields": {"name": "Can view gallery item model", "content_type": 51, "codename": "view_galleryitemmodel"}}, {"model": "auth.permission", "pk": 205, "fields": {"name": "Can add single project slider model", "content_type": 52, "codename": "add_singleprojectslidermodel"}}, {"model": "auth.permission", "pk": 206, "fields": {"name": "Can change single project slider model", "content_type": 52, "codename": "change_singleprojectslidermodel"}}, {"model": "auth.permission", "pk": 207, "fields": {"name": "Can delete single project slider model", "content_type": 52, "codename": "delete_singleprojectslidermodel"}}, {"model": "auth.permission", "pk": 208, "fields": {"name": "Can view single project slider model", "content_type": 52, "codename": "view_singleprojectslidermodel"}}, {"model": "auth.permission", "pk": 209, "fields": {"name": "Can add specifications block one", "content_type": 53, "codename": "add_specificationsblockone"}}, {"model": "auth.permission", "pk": 210, "fields": {"name": "Can change specifications block one", "content_type": 53, "codename": "change_specificationsblockone"}}, {"model": "auth.permission", "pk": 211, "fields": {"name": "Can delete specifications block one", "content_type": 53, "codename": "delete_specificationsblockone"}}, {"model": "auth.permission", "pk": 212, "fields": {"name": "Can view specifications block one", "content_type": 53, "codename": "view_specificationsblockone"}}, {"model": "auth.permission", "pk": 213, "fields": {"name": "Can add specifications block two", "content_type": 54, "codename": "add_specificationsblocktwo"}}, {"model": "auth.permission", "pk": 214, "fields": {"name": "Can change specifications block two", "content_type": 54, "codename": "change_specificationsblocktwo"}}, {"model": "auth.permission", "pk": 215, "fields": {"name": "Can delete specifications block two", "content_type": 54, "codename": "delete_specificationsblocktwo"}}, {"model": "auth.permission", "pk": 216, "fields": {"name": "Can view specifications block two", "content_type": 54, "codename": "view_specificationsblocktwo"}}, {"model": "auth.permission", "pk": 217, "fields": {"name": "Can add video block", "content_type": 55, "codename": "add_videoblock"}}, {"model": "auth.permission", "pk": 218, "fields": {"name": "Can change video block", "content_type": 55, "codename": "change_videoblock"}}, {"model": "auth.permission", "pk": 219, "fields": {"name": "Can delete video block", "content_type": 55, "codename": "delete_videoblock"}}, {"model": "auth.permission", "pk": 220, "fields": {"name": "Can view video block", "content_type": 55, "codename": "view_videoblock"}}, {"model": "auth.user", "pk": 1, "fields": {"password": "pbkdf2_sha256$720000$51BWBUGqgI8cadmDriDSzA$mbrtTUBYIRJaj4PMWzGBCpYH3lWoCNe8Tx5x+YfD/04=", "last_login": "2023-12-17T14:34:31.427Z", "is_superuser": true, "username": "admin@ff.ff", "first_name": "", "last_name": "", "email": "admin@ff.ff", "is_staff": true, "is_active": true, "date_joined": "2023-12-17T14:33:58.342Z", "groups": [], "user_permissions": []}}, {"model": "contenttypes.contenttype", "pk": 1, "fields": {"app_label": "admin", "model": "logentry"}}, {"model": "contenttypes.contenttype", "pk": 2, "fields": {"app_label": "auth", "model": "permission"}}, {"model": "contenttypes.contenttype", "pk": 3, "fields": {"app_label": "auth", "model": "group"}}, {"model": "contenttypes.contenttype", "pk": 4, "fields": {"app_label": "auth", "model": "user"}}, {"model": "contenttypes.contenttype", "pk": 5, "fields": {"app_label": "contenttypes", "model": "contenttype"}}, {"model": "contenttypes.contenttype", "pk": 6, "fields": {"app_label": "sessions", "model": "session"}}, {"model": "contenttypes.contenttype", "pk": 7, "fields": {"app_label": "website", "model": "aboutuspagemodel"}}, {"model": "contenttypes.contenttype", "pk": 8, "fields": {"app_label": "website", "model": "allprojectpagemodel"}}, {"model": "contenttypes.contenttype", "pk": 9, "fields": {"app_label": "website", "model": "appointmentmodel"}}, {"model": "contenttypes.contenttype", "pk": 10, "fields": {"app_label": "website", "model": "calculatedblockmodel"}}, {"model": "contenttypes.contenttype", "pk": 11, "fields": {"app_label": "website", "model": "contactfeedbackmodel"}}, {"model": "contenttypes.contenttype", "pk": 12, "fields": {"app_label": "website", "model": "contactmodel"}}, {"model": "contenttypes.contenttype", "pk": 13, "fields": {"app_label": "website", "model": "contactpagemodel"}}, {"model": "contenttypes.contenttype", "pk": 14, "fields": {"app_label": "website", "model": "footermodel"}}, {"model": "contenttypes.contenttype", "pk": 15, "fields": {"app_label": "website", "model": "indexpagemodel"}}, {"model": "contenttypes.contenttype", "pk": 16, "fields": {"app_label": "website", "model": "makeappointmentpagemodel"}}, {"model": "contenttypes.contenttype", "pk": 17, "fields": {"app_label": "website", "model": "metadatamodel"}}, {"model": "contenttypes.contenttype", "pk": 18, "fields": {"app_label": "website", "model": "premiumloanspagemodel"}}, {"model": "contenttypes.contenttype", "pk": 19, "fields": {"app_label": "website", "model": "privacypolicymodel"}}, {"model": "contenttypes.contenttype", "pk": 20, "fields": {"app_label": "website", "model": "reviewsstarsmodel"}}, {"model": "contenttypes.contenttype", "pk": 21, "fields": {"app_label": "website", "model": "servicesappointment"}}, {"model": "contenttypes.contenttype", "pk": 22, "fields": {"app_label": "website", "model": "aboutusimageslidermodel"}}, {"model": "contenttypes.contenttype", "pk": 23, "fields": {"app_label": "website", "model": "aboutushistorymodel"}}, {"model": "contenttypes.contenttype", "pk": 24, "fields": {"app_label": "website", "model": "aboutusteammembermodel"}}, {"model": "contenttypes.contenttype", "pk": 25, "fields": {"app_label": "website", "model": "allprojectcalculatorblock"}}, {"model": "contenttypes.contenttype", "pk": 26, "fields": {"app_label": "website", "model": "allprojectslidermodel"}}, {"model": "contenttypes.contenttype", "pk": 27, "fields": {"app_label": "website", "model": "categorypage"}}, {"model": "contenttypes.contenttype", "pk": 28, "fields": {"app_label": "website", "model": "calculatorblock"}}, {"model": "contenttypes.contenttype", "pk": 29, "fields": {"app_label": "website", "model": "animationblock"}}, {"model": "contenttypes.contenttype", "pk": 30, "fields": {"app_label": "website", "model": "categoryslidermodel"}}, {"model": "contenttypes.contenttype", "pk": 31, "fields": {"app_label": "website", "model": "contactimageslidermodel"}}, {"model": "contenttypes.contenttype", "pk": 32, "fields": {"app_label": "website", "model": "addressparagraphmodel"}}, {"model": "contenttypes.contenttype", "pk": 33, "fields": {"app_label": "website", "model": "contentblock"}}, {"model": "contenttypes.contenttype", "pk": 34, "fields": {"app_label": "website", "model": "ctaoptionalblock"}}, {"model": "contenttypes.contenttype", "pk": 35, "fields": {"app_label": "website", "model": "descriptionblock"}}, {"model": "contenttypes.contenttype", "pk": 36, "fields": {"app_label": "website", "model": "indexcalculatorblock"}}, {"model": "contenttypes.contenttype", "pk": 37, "fields": {"app_label": "website", "model": "indexslidermodel"}}, {"model": "contenttypes.contenttype", "pk": 38, "fields": {"app_label": "website", "model": "makeappointmentadvantage"}}, {"model": "contenttypes.contenttype", "pk": 39, "fields": {"app_label": "website", "model": "makeappointmentslider"}}, {"model": "contenttypes.contenttype", "pk": 40, "fields": {"app_label": "website", "model": "premiumloansslidermodel"}}, {"model": "contenttypes.contenttype", "pk": 41, "fields": {"app_label": "website", "model": "privacypolicysubblockmodel"}}, {"model": "contenttypes.contenttype", "pk": 42, "fields": {"app_label": "website", "model": "projectblock"}}, {"model": "contenttypes.contenttype", "pk": 43, "fields": {"app_label": "website", "model": "relatedprojects"}}, {"model": "contenttypes.contenttype", "pk": 44, "fields": {"app_label": "website", "model": "resultblock"}}, {"model": "contenttypes.contenttype", "pk": 45, "fields": {"app_label": "website", "model": "reviewcommentsmodel"}}, {"model": "contenttypes.contenttype", "pk": 46, "fields": {"app_label": "website", "model": "feedback"}}, {"model": "contenttypes.contenttype", "pk": 47, "fields": {"app_label": "website", "model": "singleprojectmodel"}}, {"model": "contenttypes.contenttype", "pk": 48, "fields": {"app_label": "website", "model": "singlepageresultblock"}}, {"model": "contenttypes.contenttype", "pk": 49, "fields": {"app_label": "website", "model": "singlepagecalculatorblock"}}, {"model": "contenttypes.contenttype", "pk": 50, "fields": {"app_label": "website", "model": "previewitemmodel"}}, {"model": "contenttypes.contenttype", "pk": 51, "fields": {"app_label": "website", "model": "galleryitemmodel"}}, {"model": "contenttypes.contenttype", "pk": 52, "fields": {"app_label": "website", "model": "singleprojectslidermodel"}}, {"model": "contenttypes.contenttype", "pk": 53, "fields": {"app_label": "website", "model": "specificationsblockone"}}, {"model": "contenttypes.contenttype", "pk": 54, "fields": {"app_label": "website", "model": "specificationsblocktwo"}}, {"model": "contenttypes.contenttype", "pk": 55, "fields": {"app_label": "website", "model": "videoblock"}}, {"model": "sessions.session", "pk": "6dkd8p0s01w8zk8vwrdwytw4vfuscdsf", "fields": {"session_data": ".eJxVjEEOwiAQRe_C2hBghtK6dO8ZmpkOlaqBpLQr492VpAvd_MV_L--lRtq3NO41ruMi6qysOv1-TNMj5gbkTvlW9FTyti6sm6IPWvW1SHxeDvcvkKimljVEpoeOPLo-eMdoMBB0hqwEb8VFR8IeJH4XXWSCeRAGnAcU4KDeH8gTN-E:1rEsDv:xykWphm3ZyWIr8YKYlOkJsAT9JsWCsD48MFr7Gp-h7I", "expire_date": "2023-12-31T14:34:31.428Z"}}, {"model": "website.aboutuspagemodel", "pk": 1, "fields": {"created_at": "2023-12-17T14:49:34.868Z", "updated_at": "2023-12-17T14:55:44.869Z", "meta_title": "Over ons", "meta_description": "Over ons", "show_slider": false, "show_send_reviews_button": true, "introduction_title": "Het team van experts dat elke dag weer voor u klaar staat!", "introduction_content": "<p>CLEYS BV is een KMO, gespecialiseerd is in gevelisolatie . Het is voortgevloeid uit een algemeen aannemingsbedrijf: Chris Cleys Bouwconcepten BVBA. In de jaren 90 - en 2000 richtte Chris Cleys zich vooral op grote nieuwbouw - en renovatie projecten. Na het overlijden van oprichter Chris Cleys is het bedrijf overgedragen van vader op zonen.</p>\r\n\r\n<p>Daaropvolgend is Cleys zich gaan concentreren op een niche in de bouwsector waarin het groot is geworden : gevel isolatie en gevelbekleding. Omdat gevelwerken samenhangen met het dak en het buitenschrijnwerk is CLEYS BV zich de laatste jaren hier ook op gaan concentreren. Zo biedt CLEYS de volledige pakket buitenisolatie aan.</p>", "introduction_small_image": "about_us/introduction_small_images/introduction__img-small.jpg", "introduction_big_image": "about_us/introduction_big_images/introduction__img-big.jpg", "team_title": "Wij staan voor u klaar!"}}, {"model": "website.aboutusimageslidermodel", "pk": 1, "fields": {"created_at": "2023-12-17T14:49:34.871Z", "updated_at": "2023-12-17T14:49:34.871Z", "slider_title": "Over ons", "slider_body": "Een familiebedrijf gespecialiseerd in gevelisolatie", "banner_image": "sliders/banner_fills/showcase__bg-8.jpg", "about_us": 1}}, {"model": "website.aboutusteammembermodel", "pk": 1, "fields": {"created_at": "2023-12-17T14:51:42.905Z", "updated_at": "2023-12-17T14:51:42.905Z", "name": "Stefaan Cleys", "role": "Bestuurder", "image": "about_us/team_members/team__member-img-1.jpg", "about_us": 1}}, {"model": "website.aboutusteammembermodel", "pk": 2, "fields": {"created_at": "2023-12-17T14:51:42.906Z", "updated_at": "2023-12-17T14:51:42.906Z", "name": "Willem Cleys", "role": "Bestuurder", "image": "about_us/team_members/team__member-img-2.jpg", "about_us": 1}}, {"model": "website.aboutusteammembermodel", "pk": 3, "fields": {"created_at": "2023-12-17T14:51:42.907Z", "updated_at": "2023-12-17T14:51:42.907Z", "name": "Diego Ide", "role": "Projectleider", "image": "about_us/team_members/team__member-img-3.jpg", "about_us": 1}}, {"model": "website.aboutushistorymodel", "pk": 1, "fields": {"created_at": "2023-12-17T14:55:44.871Z", "updated_at": "2023-12-17T14:55:44.871Z", "year": "2000", "title": "Opgericht door Chris Cleys in Deurne als algemeen aannemingsbedrijf", "image": "about_us/histories/history__item-img-1.jpg", "about_us": 1}}, {"model": "website.aboutushistorymodel", "pk": 2, "fields": {"created_at": "2023-12-17T14:55:44.872Z", "updated_at": "2023-12-17T14:55:44.872Z", "year": "2001", "title": "In dienstneming van 1 e werknemer", "image": "about_us/histories/history__item-img-2.jpg", "about_us": 1}}, {"model": "website.aboutushistorymodel", "pk": 3, "fields": {"created_at": "2023-12-17T14:55:44.872Z", "updated_at": "2023-12-17T14:55:44.872Z", "year": "2012", "title": "1 e zoon Stefaan Cleys begint in het bedrijf", "image": "about_us/histories/history__item-img-3.jpg", "about_us": 1}}, {"model": "website.aboutushistorymodel", "pk": 4, "fields": {"created_at": "2023-12-17T14:55:44.873Z", "updated_at": "2023-12-17T14:55:44.873Z", "year": "2017", "title": "Overlijden zaakvoerder Chris Cleys", "image": "about_us/histories/history__item-img-4.jpg", "about_us": 1}}, {"model": "website.aboutushistorymodel", "pk": 5, "fields": {"created_at": "2023-12-17T14:55:44.873Z", "updated_at": "2023-12-17T14:55:44.873Z", "year": "2018", "title": "Specialisatie naar gevelwerken", "image": "about_us/histories/history__item-img-5.jpg", "about_us": 1}}, {"model": "website.aboutushistorymodel", "pk": 6, "fields": {"created_at": "2023-12-17T14:55:44.873Z", "updated_at": "2023-12-17T14:55:44.874Z", "year": "2019", "title": "2 e zoon Willem Cleys begint vast in het bedrijf", "image": "about_us/histories/history__item-img-6.jpg", "about_us": 1}}, {"model": "website.aboutushistorymodel", "pk": 7, "fields": {"created_at": "2023-12-17T14:55:44.874Z", "updated_at": "2023-12-17T14:55:44.874Z", "year": "2020", "title": "Verhuis van Deurne naar Waasmunster langs E17", "image": "about_us/histories/history__item-img-7.jpg", "about_us": 1}}, {"model": "website.aboutushistorymodel", "pk": 8, "fields": {"created_at": "2023-12-17T14:55:44.874Z", "updated_at": "2023-12-17T14:55:44.874Z", "year": "2022", "title": "In dienstneming 2 e werknemer", "image": "about_us/histories/history__item-img-8.jpg", "about_us": 1}}, {"model": "website.aboutushistorymodel", "pk": 9, "fields": {"created_at": "2023-12-17T14:55:44.875Z", "updated_at": "2023-12-17T14:55:44.875Z", "year": "2023", "title": "In dienstneming van 10 e werknemer", "image": "about_us/histories/history__item-img-9.jpg", "about_us": 1}}, {"model": "website.allprojectpagemodel", "pk": 1, "fields": {"created_at": "2023-12-17T18:48:03.251Z", "updated_at": "2023-12-17T18:51:48.504Z", "meta_title": "Projecten", "meta_description": "Projecten", "show_slider": false, "show_send_reviews_button": true, "title": "Deze klanten gingen jou voor", "sub_title": "ONZE PROJECTEN", "show_booking_section": true}}, {"model": "website.allprojectslidermodel", "pk": 1, "fields": {"created_at": "2023-12-17T18:51:48.505Z", "updated_at": "2023-12-17T18:51:48.505Z", "slider_title": "Projecten", "slider_body": "Een persoonlijke aanpak, elke keer weer", "banner_image": "sliders/banner_fills/showcase__bg-10_nzIraFW.jpg", "page": 1}}, {"model": "website.allprojectcalculatorblock", "pk": 1, "fields": {"created_at": "2023-12-17T18:48:03.253Z", "updated_at": "2023-12-17T18:48:03.253Z", "image": "calculate_block/calculator__img-5_qrpToLX.jpg", "page": 1}}, {"model": "website.categorypage", "pk": 1, "fields": {"created_at": "2023-12-17T15:31:33.160Z", "updated_at": "2023-12-17T16:24:32.920Z", "meta_title": "Crepi", "meta_description": "Crepi", "show_slider": true, "show_send_reviews_button": true, "introduction_left_title": "Crepi is al jaren de meest populaire afwerking bij gevelrenovaties.", "introduction_left_sub_title": "ZOWEL VOOR MODERNE ALS LANDELIJKE WOONSTIJLEN", "introduction_left_intro": "Dit omwille van de goede prijs - /kwaliteit verhouding dat het biedt.", "introduction_left_content": "<p>Een gevelafwerking met crepi is zowel duurzaam als mooi. Crepi beschermt de woning en zorgt voor een egale afwerking van jouw gevels. Wil je ook besparen? Dan is crepi op gevelisolatie zelfs de meest budgetvriendelijke en effici&euml;nte oplossing op de markt</p>", "introduction_right_sub_title": "WAAROM KIEZEN VOOR CLEYS", "introduction_right_header_title": "Jouw voordelen", "introduction_right_content": "<ul>\r\n\t<li>In combinatie met gevelisolatie</li>\r\n\t<li>Financiele ondersteuning via premie</li>\r\n\t<li>Een duurzame oplossing</li>\r\n\t<li>Een slimme investering</li>\r\n\t<li>Een budgletvriendeijke oplossing</li>\r\n\t<li>Beschikbaar in&nbsp;<u>400 kleuren</u></li>\r\n\t<li>Egale afwerking</li>\r\n\t<li>Zelfreinigende crepi</li>\r\n\t<li>Totale afwerking</li>\r\n\t<li>Plaatsing volgens de ETICS-normen</li>\r\n\t<li>We brengen jouw vergunning in orde</li>\r\n</ul>", "order_by": 2, "name": "Crepi", "slug": "crepi", "parent": null, "related_projects_block_title": "Hoe wij te werk gaan?", "related_projects_block_sub_title": "WERKWIJZE", "completed_projects_block_title": "Onze crepi realisaties", "completed_projects_block_sub_title": "ZIJ GINGEN U VOOR", "completed_projects_block_description": "Lorem ipsum dolor sit amet, consetetur sadipscing elitr, sed diam nonumy eirmod tempor invidunt ut labore et dolore magna aliquyam erat, sed diam voluptua. At vero eos et accusam et justo duo dolores et ea rebum.", "show_booking_section": false, "index_preview_icon": "index_preview_icons/icon-2.png", "index_preview_text": "Op zoek naar een moderne, frisse afwerking voor jouw gevel? Dan is crepi iets voor jou."}}, {"model": "website.categorypage", "pk": 2, "fields": {"created_at": "2023-12-17T15:53:58.726Z", "updated_at": "2023-12-17T16:24:51.976Z", "meta_title": "Spuitkurk", "meta_description": "Spuitkurk", "show_slider": true, "show_send_reviews_button": true, "introduction_left_title": "Spuitkurk isoleert en beschermt jouw woning.", "introduction_left_sub_title": "CLEYS", "introduction_left_intro": "En dit tegen extreme weersomstandigheden. Het werkt als een isolerende buffer tussen jouw muren en de weersinvloeden.", "introduction_left_content": "<p>Naast zijn beschermende , isolerende en duurzame eigenschappen zorgt spuitkurk ook voor een prachtig uitzicht &eacute;n een grote meerwaarde van jouw woning. Het is onderhoudsvriendelijk en blijft vrij van vuil, scheuren of lichte slijtages . Gemiddeld gezien wordt een woning door ons al in 2 &agrave; 3 dagen behandeld met spuitkurk.</p>", "introduction_right_sub_title": "WAAROM KIEZEN VOOR CLEYS", "introduction_right_header_title": "Jouw voordelen", "introduction_right_content": "<ul>\r\n\t<li>Thermisch isolerend (0,05W/mK)</li>\r\n\t<li>Akoestisch isolerend</li>\r\n\t<li>Waterdicht</li>\r\n\t<li>Ademend</li>\r\n\t<li>Ultra elastisch</li>\r\n\t<li>Beschikbaar in&nbsp;<u>26 kleuren</u></li>\r\n\t<li>Ecologisch</li>\r\n\t<li>Kras en slijtvast</li>\r\n\t<li>Onderhoudsvriendelijk</li>\r\n\t<li>Een duurzame oplossing</li>\r\n\t<li>Een slimme investering</li>\r\n\t<li>In combinatie met gevelisolatie</li>\r\n\t<li>Budgetvriendelijk</li>\r\n</ul>", "order_by": 3, "name": "Spuitkurk", "slug": "spuitkurk", "parent": null, "related_projects_block_title": "Mogelijkheden bij de afwerking", "related_projects_block_sub_title": "CLEYS", "completed_projects_block_title": "Onze spuitkurk realisaties", "completed_projects_block_sub_title": "ZIJ GINGEN U VOOR", "completed_projects_block_description": "Lorem ipsum dolor sit amet, consetetur sadipscing elitr, sed diam nonumy eirmod tempor invidunt ut labore et dolore magna aliquyam erat, sed diam voluptua. At vero eos et accusam et justo duo dolores et ea rebum.", "show_booking_section": false, "index_preview_icon": "index_preview_icons/icon-3.png", "index_preview_text": "De meest duurzame coating die er bestaat. Het is slijtvast, isolerend, elastisch, onderhoudsvriendelijk en waterdicht."}}, {"model": "website.categorypage", "pk": 3, "fields": {"created_at": "2023-12-17T16:02:20.247Z", "updated_at": "2023-12-17T16:24:20.343Z", "meta_title": "Steenstrips", "meta_description": "Steenstrips", "show_slider": true, "show_send_reviews_button": true, "introduction_left_title": "Wie zijn gevel wil isoleren maar die stevige baksteenlook niet wil verliezen.", "introduction_left_sub_title": "STEENSTRIPS IN ALLE VORMEN EN STIJLEN", "introduction_left_intro": "Die komt uit eindelijk bij steenstrips terecht.", "introduction_left_content": "<p>Steenstrips zijn dunne stroken bak steen die op gevel isolatie gekleefd worden. Een steenstrip - gevel is bijna niet te onderscheiden van een gemetste bak steen - gevel . Waar een spouwmuur bij een gewone baksteen vaak voor vochtproblemen zorgt, is dit bij een steenstrip - gevel uitgesloten. Net zoals bak stenen komen steenstrips in alle vormen , stijlen en kleuren. Laat ons jouw stijl weten en wij zorgen voor een gepast voorstel!</p>", "introduction_right_sub_title": "WAAROM KIEZEN VOOR CLEYS", "introduction_right_header_title": "Jouw voordelen", "introduction_right_content": "<ul>\r\n\t<li>In combinatie met gevelisolatie</li>\r\n\t<li>Geen extra fundering nodig</li>\r\n\t<li>Financiele ondersteuning via premie</li>\r\n\t<li>Meest duurzame afwerking</li>\r\n\t<li>Veel verschillende stijlen en mogelijkheden</li>\r\n\t<li>Totale afwerking</li>\r\n\t<li>We brengen jouw vergunning in orde</li>\r\n</ul>", "order_by": 4, "name": "Steenstrips", "slug": "steenstrips", "parent": null, "related_projects_block_title": "Wat zijn de mogelijkheden?", "related_projects_block_sub_title": "JOUW EXPERT IN STEENSTRIPS", "completed_projects_block_title": "Onze steenstrips realisaties", "completed_projects_block_sub_title": "ZIJ GINGEN U VOOR", "completed_projects_block_description": "Lorem ipsum dolor sit amet, consetetur sadipscing elitr, sed diam nonumy eirmod tempor invidunt ut labore et dolore magna aliquyam erat, sed diam voluptua. At vero eos et accusam et justo duo dolores et ea rebum.", "show_booking_section": false, "index_preview_icon": "index_preview_icons/icon-4.png", "index_preview_text": "Door steenstrips verlies je minder plaats aan steen en kan je meer isoleren."}}, {"model": "website.categorypage", "pk": 4, "fields": {"created_at": "2023-12-17T16:16:38.426Z", "updated_at": "2023-12-17T16:22:31.358Z", "meta_title": "Isolatie", "meta_description": "Isolatie", "show_slider": true, "show_send_reviews_button": true, "introduction_left_title": "Wie gaat renoveren denkt meteen aan isoleren.", "introduction_left_sub_title": "CLEYS", "introduction_left_intro": "Wil je een lagere energiefactuur met een hoger wooncomfort? Dan zit je zeker juist bij Cleys !", "introduction_left_content": "<p>Cleys is specialist in het isoleren van de volledige buitenzijde van jouw woning, namelijk: de gevel, het dak en de ramen en deuren van jouw woning. Wanneer je dit pakket door ons laat aanpakken, geniet je van enkele voordelen zoals</p>\r\n\r\n<ul>\r\n\t<li>Kostenbesparing</li>\r\n\t<li>Goede aansluiting van de isolatie</li>\r\n\t<li>Tijds besparing</li>\r\n\t<li>Maar 1 contact voor de totale isolatie</li>\r\n\t<li>Uitbetaling van premies door de Vlaamse overheid</li>\r\n</ul>", "introduction_right_sub_title": "WAAROM KIEZEN VOOR CLEYS", "introduction_right_header_title": "Jouw voordelen", "introduction_right_content": "<ul>\r\n\t<li>Isoleren langs de buitenkant</li>\r\n\t<li>Grote besparing op energie</li>\r\n\t<li>Afwerking crepi, steenstrips of spuitkurk</li>\r\n\t<li>We brengen jouw vergunning in orde</li>\r\n\t<li>Financi&euml;le ondersteuning via premie</li>\r\n\t<li>Compleet nieuwe &amp; moderne look</li>\r\n\t<li>Grote verbetering EPC</li>\r\n\t<li>Correcte en ononderbroken aansluiting</li>\r\n\t<li>10 jaar garantie</li>\r\n\t<li>Betrouwbare premie</li>\r\n\t<li>Slimme investering</li>\r\n\t<li>Snelle terugverdientijd</li>\r\n\t<li>Grote meerwaarde voor jouw woning</li>\r\n\t<li>Jouw woning klaar voor 2050</li>\r\n</ul>", "order_by": 1, "name": "Isolatie", "slug": "isolatie", "parent": null, "related_projects_block_title": "Zo verhogen we jouw wooncomfort", "related_projects_block_sub_title": "ISOLATIE DIENSTEN", "completed_projects_block_title": "Afgeronde gevelisolatie projecten", "completed_projects_block_sub_title": "ZIJ GINGEN U VOOR", "completed_projects_block_description": "Lorem ipsum dolor sit amet, consetetur sadipscing elitr, sed diam nonumy eirmod tempor invidunt ut labore et dolore magna aliquyam erat, sed diam voluptua. At vero eos et accusam et justo duo dolores et ea rebum.", "show_booking_section": false, "index_preview_icon": "", "index_preview_text": ""}}, {"model": "website.categorypage", "pk": 5, "fields": {"created_at": "2023-12-17T16:28:37.696Z", "updated_at": "2023-12-17T16:50:40.043Z", "meta_title": "Gevelisolatie", "meta_description": "Gevelisolatie", "show_slider": true, "show_send_reviews_button": true, "introduction_left_title": "Jouw gevel renoveren?", "introduction_left_sub_title": "ISOLEREN MET VERSCHILLENDE AFWERKMOGELIJKHEDEN", "introduction_left_intro": "Dan denk je best ineens aan gevelisolatie. Dankzij gevelisolatie bespaar je enorm op energie die verloren gaat door jouw muren.", "introduction_left_content": "<p>Gevelisolatie zorgt voor een aangenaam binnenklimaat zodat de verwarming/airco minder hard moet werken om de gewenste temperatuur te handhaven. We isoleren op een effici&euml;nte manier de buitenzijde van jouw woning . Hierdoor voorkomen we thermische onderbrekingen . Je kan kiezen uit tal van verschillende afwerkingen die bij jouw persoonlijke voorkeur en stijl passen.</p>", "introduction_right_sub_title": "WAAROM KIEZEN VOOR CLEYS", "introduction_right_header_title": "Jouw voordelen", "introduction_right_content": "<ul>\r\n\t<li>Afwerking crepi, spuitkurk &amp; steenstrips</li>\r\n\t<li>Bespaar 35% aan energie</li>\r\n\t<li>Meest effici&euml;nte muurisolatie</li>\r\n\t<li>Financi&euml;le ondersteuning via premie</li>\r\n\t<li>Wij zorgen voor jouw vergunning</li>\r\n\t<li>10 jaar garantie</li>\r\n\t<li>Klaar voor 2050 (14cm EPS)</li>\r\n\t<li>Een slimme investering</li>\r\n\t<li>Enorme impact op EPC</li>\r\n\t<li>Een duurzame oplossing</li>\r\n</ul>", "order_by": 0, "name": "Gevelisolatie", "slug": "gevelisolatie", "parent": 4, "related_projects_block_title": "Mogelijkheden bij de afwerking", "related_projects_block_sub_title": "CLEYS", "completed_projects_block_title": "Onze gevelisolatie realisaties", "completed_projects_block_sub_title": "ZIJ GINGEN U VOOR", "completed_projects_block_description": "Lorem ipsum dolor sit amet, consetetur sadipscing elitr, sed diam nonumy eirmod tempor invidunt ut labore et dolore magna aliquyam erat, sed diam voluptua. At vero eos et accusam et justo duo dolores et ea rebum.", "show_booking_section": false, "index_preview_icon": "index_preview_icons/icon-1.png", "index_preview_text": "D meest efficinte vorm van muurisolatie bij renovatie."}}, {"model": "website.categorypage", "pk": 6, "fields": {"created_at": "2023-12-17T17:14:16.025Z", "updated_at": "2023-12-17T17:33:07.245Z", "meta_title": "Ramen & deuren", "meta_description": "Ramen & deuren", "show_slider": true, "show_send_reviews_button": true, "introduction_left_title": "Buitenschrijnwerk en glas is een belangrijk onderdeel van jouw woningisolatie.", "introduction_left_sub_title": "RAMEN, DEUREN & SCHUIFDEUREN", "introduction_left_intro": "Bespaar tot 20% op jouw energiefactuur met isolerend buitenschrijnwerk . Als specialist in gevelisolatie weten wij perfect hoe we jouw buitenschrijnwerk moeten laten aansluiten , zo gaan we voor een optimale besparing.", "introduction_left_content": "<p>Bij Cleys werken we enkel met kwalitatieve en isolerende raamprofielen in combinatie met de juiste beglazing . Zowel PVC, aluminium als hout bieden je tegenwoordig hoge thermische prestaties , waarbij PVC doorgaans de best isolerende optie is . Bij Cleys kan je terecht voor ramen, deuren en schuifdeuren met alle opties.</p>", "introduction_right_sub_title": "WAAROM KIEZEN VOOR CLEYS", "introduction_right_header_title": "Jouw voordelen", "introduction_right_content": "<ul>\r\n\t<li>Een grote meerwaarde</li>\r\n\t<li>Slimme investering</li>\r\n\t<li>Sterk isolerend</li>\r\n\t<li>Nieuwe look</li>\r\n\t<li>Geen koudebruggen</li>\r\n\t<li>PVC, aluminium of hout</li>\r\n\t<li>Ramen, deuren en schuifdeuren</li>\r\n</ul>", "order_by": 5, "name": "Ramen & deuren", "slug": "ramen-deuren", "parent": 4, "related_projects_block_title": "Tussen welke materialen kan je kiezen?", "related_projects_block_sub_title": "JOUW EXPERT IN RAMEN EN DEUREN", "completed_projects_block_title": "Onze steenstrips realisaties", "completed_projects_block_sub_title": "ZIJ GINGEN U VOOR", "completed_projects_block_description": "Lorem ipsum dolor sit amet, consetetur sadipscing elitr, sed diam nonumy eirmod tempor invidunt ut labore et dolore magna aliquyam erat, sed diam voluptua. At vero eos et accusam et justo duo dolores et ea rebum.", "show_booking_section": false, "index_preview_icon": "index_preview_icons/icon-6.svg", "index_preview_text": "Optimaliseer de isolatie van jouw gevels door ook het buitenschrijnwerk aan te pakken."}}, {"model": "website.categorypage", "pk": 7, "fields": {"created_at": "2023-12-17T17:27:34.708Z", "updated_at": "2023-12-17T17:30:59.429Z", "meta_title": "Dakwerken", "meta_description": "Dakwerken", "show_slider": true, "show_send_reviews_button": true, "introduction_left_title": "Is jouw dak aan een energetische vernieuwing toe?", "introduction_left_sub_title": "WARM EN WATERDICHT", "introduction_left_intro": "Samen met jouw gevel kunnen wij dit voor jou budgetvriendelijk uitvoeren . We verbinden dak - en gevelisolatie met elkaar tot 1 grote isolatieschil.", "introduction_left_content": "<p>Tot 35% aan verloren energie kosten kan je besparen door het isoleren van jouw dak. Warmte stijgt altijd naar boven en dus is dakisolatie vooral belangrijk voor jouw bovenste verdiepingen. Zo geniet je van een aangenamer binnenklimaat in jouw bad - of slaapkamers. Het isoleren van jouw dak is altijd een slimme investering, en je wordt ook nog eens gesteund door de overheid met een flinke premie.</p>", "introduction_right_sub_title": "WAAROM KIEZEN VOOR CLEYS", "introduction_right_header_title": "Jouw voordelen", "introduction_right_content": "<ul>\r\n\t<li>Grote meerwaarde woning</li>\r\n\t<li>Goed ge&iuml;soleerd</li>\r\n\t<li>Snelle uitvoering</li>\r\n\t<li>Klaar voor 2050</li>\r\n\t<li>Nieuwe look modern of klassiek</li>\r\n\t<li>Betere EPC</li>\r\n\t<li>Slimme investering</li>\r\n\t<li>Financiele ondersteuning via premie</li>\r\n</ul>", "order_by": 3, "name": "Dakwerken", "slug": "dakwerken", "parent": 4, "related_projects_block_title": "Welke dakwerkzaamheden voeren wij uit?", "related_projects_block_sub_title": "JOUW EXPERT IN DAKWERKEN", "completed_projects_block_title": "Onze steenstrips realisaties", "completed_projects_block_sub_title": "ZIJ GINGEN U VOOR", "completed_projects_block_description": "Lorem ipsum dolor sit amet, consetetur sadipscing elitr, sed diam nonumy eirmod tempor invidunt ut labore et dolore magna aliquyam erat, sed diam voluptua. At vero eos et accusam et justo duo dolores et ea rebum.", "show_booking_section": false, "index_preview_icon": "index_preview_icons/icon-5.svg", "index_preview_text": "Bespaar tot 35% op jouw energie factuur door dakisolatie."}}, {"model": "website.categoryslidermodel", "pk": 1, "fields": {"created_at": "2023-12-17T15:50:30.340Z", "updated_at": "2023-12-17T15:50:30.340Z", "slider_title": "Crepi", "slider_body": "Een nieuwe, frisse look voor jouw woning", "banner_image": "sliders/banner_fills/showcase__bg-3.jpg", "page": 1}}, {"model": "website.categoryslidermodel", "pk": 2, "fields": {"created_at": "2023-12-17T15:50:30.343Z", "updated_at": "2023-12-17T15:50:30.343Z", "slider_title": "Crepi", "slider_body": "Meer wooncomfort, minder energieverlies", "banner_image": "sliders/banner_fills/showcase__bg-4.jpg", "page": 1}}, {"model": "website.categoryslidermodel", "pk": 3, "fields": {"created_at": "2023-12-17T15:50:30.344Z", "updated_at": "2023-12-17T15:50:30.344Z", "slider_title": "Crepi", "slider_body": "Meer wooncomfort, minder energieverlies", "banner_image": "sliders/banner_fills/showcase__bg-5.jpg", "page": 1}}, {"model": "website.categoryslidermodel", "pk": 4, "fields": {"created_at": "2023-12-17T15:55:56.565Z", "updated_at": "2023-12-17T15:56:16.620Z", "slider_title": "Spuitkurk", "slider_body": "De coating voor jouw woning", "banner_image": "sliders/banner_fills/showcase__bg-4_mvjPCRa.jpg", "page": 2}}, {"model": "website.categoryslidermodel", "pk": 5, "fields": {"created_at": "2023-12-17T15:55:56.566Z", "updated_at": "2023-12-17T15:55:56.566Z", "slider_title": "Spuitkurk", "slider_body": "De coating voor jouw woning", "banner_image": "sliders/banner_fills/showcase__bg-6.jpg", "page": 2}}, {"model": "website.categoryslidermodel", "pk": 6, "fields": {"created_at": "2023-12-17T16:10:57.086Z", "updated_at": "2023-12-17T16:10:57.086Z", "slider_title": "Steenstrips", "slider_body": "Stevig isoleren met steenstrips", "banner_image": "sliders/banner_fills/showcase__bg-2.jpg", "page": 3}}, {"model": "website.categoryslidermodel", "pk": 7, "fields": {"created_at": "2023-12-17T16:10:57.087Z", "updated_at": "2023-12-17T16:10:57.087Z", "slider_title": "Steenstrips", "slider_body": "Stevig isoleren", "banner_image": "sliders/banner_fills/showcase__bg-5_OAxRwrJ.jpg", "page": 3}}, {"model": "website.categoryslidermodel", "pk": 8, "fields": {"created_at": "2023-12-17T16:10:57.088Z", "updated_at": "2023-12-17T16:10:57.088Z", "slider_title": "Steenstrips", "slider_body": "Stevig isoleren met steenstrips", "banner_image": "sliders/banner_fills/showcase__bg-10.jpg", "page": 3}}, {"model": "website.categoryslidermodel", "pk": 9, "fields": {"created_at": "2023-12-17T16:17:27.248Z", "updated_at": "2023-12-17T16:17:27.248Z", "slider_title": "Isolatie", "slider_body": "Meer wooncomfort, minder energieverlies", "banner_image": "sliders/banner_fills/showcase__bg-7.jpg", "page": 4}}, {"model": "website.categoryslidermodel", "pk": 10, "fields": {"created_at": "2023-12-17T16:17:27.250Z", "updated_at": "2023-12-17T16:17:27.250Z", "slider_title": "Isolatie", "slider_body": "Meer wooncomfort, minder energieverlies", "banner_image": "sliders/banner_fills/showcase__bg-big-1.jpg", "page": 4}}, {"model": "website.categoryslidermodel", "pk": 11, "fields": {"created_at": "2023-12-17T16:49:05.069Z", "updated_at": "2023-12-17T16:49:05.069Z", "slider_title": "Gevelisolatie", "slider_body": "Energie besparen & jouw gevel verfraaien", "banner_image": "sliders/banner_fills/showcase__bg-7_siN86co.jpg", "page": 5}}, {"model": "website.categoryslidermodel", "pk": 12, "fields": {"created_at": "2023-12-17T16:49:05.070Z", "updated_at": "2023-12-17T16:49:05.070Z", "slider_title": "Gevelisolatie", "slider_body": "Energie besparen & jouw gevel verfraaien", "banner_image": "sliders/banner_fills/showcase__bg-10_f2ckBSY.jpg", "page": 5}}, {"model": "website.categoryslidermodel", "pk": 13, "fields": {"created_at": "2023-12-17T16:49:05.071Z", "updated_at": "2023-12-17T16:49:05.071Z", "slider_title": "Gevelisolatie", "slider_body": "Energie besparen & jouw gevel verfraaien", "banner_image": "sliders/banner_fills/showcase__bg-1_Bf6SzTC.jpg", "page": 5}}, {"model": "website.categoryslidermodel", "pk": 14, "fields": {"created_at": "2023-12-17T17:17:09.284Z", "updated_at": "2023-12-17T17:17:09.284Z", "slider_title": "Ramen & deuren", "slider_body": "Jouw zonnetje in huis", "banner_image": "sliders/banner_fills/showcase__bg-9.jpg", "page": 6}}, {"model": "website.categoryslidermodel", "pk": 15, "fields": {"created_at": "2023-12-17T17:17:09.285Z", "updated_at": "2023-12-17T17:17:09.285Z", "slider_title": "Ramen & deuren", "slider_body": "Jouw zonnetje in huis", "banner_image": "sliders/banner_fills/showcase__bg-7_IOFvD3m.jpg", "page": 6}}, {"model": "website.categoryslidermodel", "pk": 16, "fields": {"created_at": "2023-12-17T17:29:15.310Z", "updated_at": "2023-12-17T17:29:15.310Z", "slider_title": "Dakwerken", "slider_body": "Zit op je gemak met een isolerend, warm dak", "banner_image": "sliders/banner_fills/showcase__bg-6_sbV4ey9.jpg", "page": 7}}, {"model": "website.categoryslidermodel", "pk": 17, "fields": {"created_at": "2023-12-17T17:29:15.312Z", "updated_at": "2023-12-17T17:29:15.312Z", "slider_title": "Dakwerken", "slider_body": "Zit op je gemak met een isolerend", "banner_image": "sliders/banner_fills/showcase__bg-5_vKHxLJS.jpg", "page": 7}}, {"model": "website.calculatorblock", "pk": 1, "fields": {"created_at": "2023-12-17T15:37:03.877Z", "updated_at": "2023-12-17T15:37:03.877Z", "image": "calculate_block/calculator__img-3.jpg", "page": 1}}, {"model": "website.calculatorblock", "pk": 2, "fields": {"created_at": "2023-12-17T15:57:44.943Z", "updated_at": "2023-12-17T15:57:44.943Z", "image": "calculate_block/calculator__img-4.jpg", "page": 2}}, {"model": "website.calculatorblock", "pk": 3, "fields": {"created_at": "2023-12-17T16:02:49.124Z", "updated_at": "2023-12-17T16:02:49.124Z", "image": "calculate_block/calculator__img-5.jpg", "page": 3}}, {"model": "website.calculatorblock", "pk": 4, "fields": {"created_at": "2023-12-17T16:49:05.073Z", "updated_at": "2023-12-17T16:49:05.073Z", "image": "calculate_block/calculator__img-2.jpg", "page": 5}}, {"model": "website.contentblock", "pk": 1, "fields": {"created_at": "2023-12-17T16:47:41.817Z", "updated_at": "2023-12-17T16:47:41.817Z", "page": 5, "title": "Premie & De Vlaamse energiedoelstelling van 2050?", "sub_title": "DE ISOLATIEWAARDE VAN JOUW GEVEL", "content": "<p>Wanneer je jouw gevel isoleert met een met R - waarde van 3,0 heb je een recht op de isolatie premie van de Vlaamse overheid. Om jouw gevel in orde te brengen op lange termijn moet het een R - waarde van 4,0 hebben. Standaard plaatsen wij hiervoor 1 4 cm EPS - isolatie op jouw dak (R - waarde 4,4).</p>\r\n\r\n<p>Het is echter niet verplicht om te voldoen aan deze norm, maar jouw woning zal hierdoor nu en in de toekomst behoorlijk in waarde stijgen op de vastgoedmarkt. Als je van plan bent om jouw woning te isoleren, dan hou je best rekening met deze doelstellinge n op lange termijn.</p>", "image": "content_block/before/ce__img-1.jpg"}}, {"model": "website.contentblock", "pk": 2, "fields": {"created_at": "2023-12-17T17:16:15.771Z", "updated_at": "2023-12-17T17:16:15.771Z", "page": 6, "title": "Premie & De Vlaamse energiedoelstelling van 2050?", "sub_title": "DE ISOLATIEWAARDE VAN JOUW BUITENSCHRIJNWERK", "content": "<p>Om in aanmerking te komen voor de isolatiepremie moet en jouw ramen een gezamenlijke maximale U - waarde van 1.0 hebben. Bij deuren is het een maximale U - waarde van 2 .0 . Om aan de langetermijndoelstelling te voldoen moeten alle ramen en deuren een gezamenlijke U - waarde van maximum 1,5 hebben.</p>\r\n\r\n<p>Met dubbel glas en een standaa rd isolerend PVC/alu/hout profiel zal je deze norm al vlug halen. De energiedoelstelling is overigens geen verplichting. Wel is het interessant voor de verkoopwaarde van jouw woning in de toekomst. Ben je van plan jouw woning te renoveren, dan hou je best rekening met de lange termijn doelstellingen.</p>", "image": "content_block/before/ce__img-3.jpg"}}, {"model": "website.contentblock", "pk": 3, "fields": {"created_at": "2023-12-17T17:29:45.726Z", "updated_at": "2023-12-17T17:29:45.726Z", "page": 7, "title": "Premie & De Vlaamse energiedoelstelling van 2050?", "sub_title": "DE ISOLATIEWAARDE VAN JOUW DAK", "content": "<p>Wanneer je jouw dak isoleert m et een met R - waarde van 4,5 heb je een recht op de isolatie premie van de Vlaamse overheid. Om jouw dak in orde te brengen op lange termijn moet het een maximale U - waarde van 0,24 W/(m2k) hebben. Standaard plaatsen wij hiervoor 12cm PIR - isolatie op jouw dak (R - waarde 5,0).</p>\r\n\r\n<p>Het is echter niet verplicht om te voldoen aan deze norm, maar jouw woning zal hierdoor nu en in de toekomst behoorlijk in waarde stijgen op de vastgoedmarkt. Als je van plan bent om jouw woning te isoleren, dan hou je best rekening met deze doelstellingen op lange termijn.</p>", "image": "content_block/before/ce__img-2.jpg"}}, {"model": "website.videoblock", "pk": 1, "fields": {"created_at": "2023-12-17T15:34:35.445Z", "updated_at": "2023-12-17T15:34:35.445Z", "page": 1, "title": "Hoe wij te werk gaan?", "sub_title": "WERKWIJZE", "video": "video_block/video_example.mp4", "video_poster": "video_poster/poster-video.jpg"}}, {"model": "website.videoblock", "pk": 2, "fields": {"created_at": "2023-12-17T15:57:44.944Z", "updated_at": "2023-12-17T15:57:44.944Z", "page": 2, "title": "Hoe wij te werk gaan?", "sub_title": "WERKWIJZE", "video": "video_block/video_example_Cjstcfe.mp4", "video_poster": "video_poster/poster-video_5NMmkkS.jpg"}}, {"model": "website.videoblock", "pk": 3, "fields": {"created_at": "2023-12-17T16:49:47.637Z", "updated_at": "2023-12-17T16:49:47.637Z", "page": 5, "title": "Hoe wij te werk gaan?", "sub_title": "WERKWIJZE", "video": "video_block/video_example_md0ob9P.mp4", "video_poster": "video_poster/poster-video_pnM5KNV.jpg"}}, {"model": "website.resultblock", "pk": 1, "fields": {"created_at": "2023-12-17T15:38:04.485Z", "updated_at": "2023-12-17T15:38:43.485Z", "title": "RESULTAAT", "sub_title": "Geweldige resultaten!", "image_before": "result_block/before/result__before.jpg", "image_after": "result_block/after/result__after.jpg", "page": 1}}, {"model": "website.resultblock", "pk": 2, "fields": {"created_at": "2023-12-17T15:58:35.359Z", "updated_at": "2023-12-17T15:58:35.359Z", "title": "Geweldige resultaten!", "sub_title": "RESULTAAT", "image_before": "result_block/before/result__before_cza0vsM.jpg", "image_after": "result_block/after/result__after_bCvIFH5.jpg", "page": 2}}, {"model": "website.resultblock", "pk": 3, "fields": {"created_at": "2023-12-17T16:03:46.911Z", "updated_at": "2023-12-17T16:03:46.911Z", "title": "Geweldige resultaten!", "sub_title": "RESULTAAT", "image_before": "result_block/before/result__before_5WCibrl.jpg", "image_after": "result_block/after/result__after_Cd53k9N.jpg", "page": 3}}, {"model": "website.resultblock", "pk": 4, "fields": {"created_at": "2023-12-17T16:18:45.816Z", "updated_at": "2023-12-17T16:18:45.816Z", "title": "Geweldige resultaten!", "sub_title": "RESULTAAT", "image_before": "result_block/before/result__before_uGyX6Ri.jpg", "image_after": "result_block/after/result__after_5RMa0bb.jpg", "page": 4}}, {"model": "website.resultblock", "pk": 5, "fields": {"created_at": "2023-12-17T16:50:40.044Z", "updated_at": "2023-12-17T16:50:40.044Z", "title": "Geweldige resultaten!", "sub_title": "RESULTAAT", "image_before": "result_block/before/result__before_9PsR7kF.jpg", "image_after": "result_block/after/result__after_ClaKxma.jpg", "page": 5}}, {"model": "website.resultblock", "pk": 6, "fields": {"created_at": "2023-12-17T17:23:26.048Z", "updated_at": "2023-12-17T17:23:26.048Z", "title": "Geweldige resultaten!", "sub_title": "RESULTAAT", "image_before": "result_block/before/result__before_rk5946r.jpg", "image_after": "result_block/after/result__after_x3JttU9.jpg", "page": 6}}, {"model": "website.resultblock", "pk": 7, "fields": {"created_at": "2023-12-17T17:30:59.430Z", "updated_at": "2023-12-17T17:30:59.430Z", "title": "Geweldige resultaten!", "sub_title": "RESULTAAT", "image_before": "result_block/before/result__before_5Hzdr7v.jpg", "image_after": "result_block/after/result__after_1xiwGAr.jpg", "page": 7}}, {"model": "website.animationblock", "pk": 1, "fields": {"created_at": "2023-12-17T15:32:43.060Z", "updated_at": "2023-12-17T15:32:43.060Z", "animation_type": "crepi", "animation_turn": false, "page": 1}}, {"model": "website.animationblock", "pk": 2, "fields": {"created_at": "2023-12-17T16:47:41.817Z", "updated_at": "2023-12-17T16:47:41.817Z", "animation_type": "gevelisolatie", "animation_turn": false, "page": 5}}, {"model": "website.animationblock", "pk": 3, "fields": {"created_at": "2023-12-17T17:18:34.383Z", "updated_at": "2023-12-17T17:18:34.383Z", "animation_type": "ramen_deuren", "animation_turn": false, "page": 6}}, {"model": "website.animationblock", "pk": 4, "fields": {"created_at": "2023-12-17T17:29:15.314Z", "updated_at": "2023-12-17T17:29:15.314Z", "animation_type": "dakwerken", "animation_turn": false, "page": 7}}, {"model": "website.ctaoptionalblock", "pk": 1, "fields": {"created_at": "2023-12-17T16:04:49.859Z", "updated_at": "2023-12-17T16:04:49.859Z", "page": 3, "title": "STEENSTRIP TEXTUUR GENERATOR", "sub_title": "Kies jouw steenstrip in de textuur generator van onze leverancier."}}, {"model": "website.makeappointmentpagemodel", "pk": 1, "fields": {"created_at": "2023-12-17T15:22:24.947Z", "updated_at": "2023-12-17T15:23:47.854Z", "meta_title": "Afspraak boeken", "meta_description": "Afspraak boeken", "show_slider": false, "show_send_reviews_button": true, "introduction_title": "Voordelen van een afspraak", "introduction_sub_title": "SUBTITEL"}}, {"model": "website.makeappointmentslider", "pk": 1, "fields": {"created_at": "2023-12-17T15:23:47.855Z", "updated_at": "2023-12-17T15:23:47.855Z", "slider_title": "Afspraak boeken", "slider_body": "Ontvang vrijblijvend een offerte", "banner_image": "", "parent": 1}}, {"model": "website.makeappointmentadvantage", "pk": 1, "fields": {"created_at": "2023-12-17T15:22:24.949Z", "updated_at": "2023-12-17T15:22:24.949Z", "title": "Volledig vrijblijvend", "text": "Wanneer u genteresseerd bent in onze diensten, komen wij graag gratis bij jou langs om ons voor te stellen. Daarna krijg je een gedetailleerde prijsofferte van de gewenste diensten", "parent": 1}}, {"model": "website.makeappointmentadvantage", "pk": 2, "fields": {"created_at": "2023-12-17T15:22:24.949Z", "updated_at": "2023-12-17T15:22:24.949Z", "title": "De meest scherpe prijs", "text": "Ieder project is uniek . Vandaar dat we best eens langskomen om jouw woning te inspecteren en exact op te meten. En", "parent": 1}}, {"model": "website.makeappointmentadvantage", "pk": 3, "fields": {"created_at": "2023-12-17T15:22:24.950Z", "updated_at": "2023-12-17T15:22:24.950Z", "title": "Precies weten waar je aan toe bent", "text": "Door de duidelijke uitleg van onze experts weet je exact wat je van ons mag verwachten. Onze manier van werken en het uiteindelijke resultaat zullen dan ook volledig duidelijk zijn voor jou.", "parent": 1}}, {"model": "website.premiumloanspagemodel", "pk": 1, "fields": {"created_at": "2023-12-17T15:17:21.275Z", "updated_at": "2023-12-17T15:19:56.779Z", "meta_title": "Premies leningen", "meta_description": "Premies leningen", "show_slider": false, "show_send_reviews_button": true, "title": "Financiering & Premies", "description": "Ieder bouw of renovatieproject brengt een financile investering met zich mee. Gelukkig helpt de overheid een handje dankzij premies en rente subsidie s . We lichten de financile mogelijkheden hieronder uit.", "button_text": "Ontdek meer", "button_link": "https://cleys.codelines.dev/premies-leningen.php", "renovation_title": "Renovatiekrediet of rentesubsidie (vanaf 1 januari 2023)", "renovation_sub_title": "SUBTITEL", "renovation_block": "<p>Wie vanaf 2023 een woning met een laag energielabel koopt (bv. EPC - label E of F) dient binnen 5 jaar, door renovatie minimaal EPC - label C te halen. Dit vergt uiteraard een serieuze investering. Wie deze investering wil financieren kan het &lsquo;renovatiekrediet van de Vlaamse overheid &lsquo;aanvragen.</p>\r\n\r\n<p>Dit wil zeggen dat je rentesubsidies zal krijgen op deze lening als je aan de voorwaarden voldoet. Wie nog extra bancaire voordelen wil , kan best met Cleys samenwerken. We werken op ons beurt namelijk s amen met KBC om zijn klanten nog extra voordelen te geven.</p>\r\n\r\n<p>De goede dienstverlening van zowel Cleys als KBC t.o.v. klanten zorgt voor een win - win situatie voor alle partijen. Bij KBC ontvang je, via Cleys, nog een extra voordelig renovatiekrediet.</p>\r\n\r\n<p><strong>Simuleer &amp; vraag jouw voordelige lening aan bij Cleys en KBC zal deze aanvraag graag voor u behandelen</strong></p>", "renovation_premium_title": "Jouw verbouwpremie", "renovation_premium_sub_title": "SUBTITEL", "renovation_premium_image": "premium_loans_page/ce__img-5.jpg", "renovation_premium_block": "<p>Particulieren en bedrijven kunnen via &eacute;&eacute;n online loket een premie aanvragen voor energiebesparende investeringen zoals na - isoleren. &ldquo;Mijn VerbouwPremie&rdquo; geldt voor woningen, appartementen en alle andere gebouwen in het Vlaamse Gewest.</p>\r\n\r\n<p>Afhankelijk van de doelgroep waartoe hij of zij behoort, zal iedereen financi&euml;le steun kunnen aanvragen voor bv. gevelisolatie , dakisolatie en ge&iuml;soleerde ramen &amp; deuren.</p>", "get_premium_block_left_title": "Waar kun je premies voor krijgen?", "get_premium_block_left_sub_title": "SUBTITEL", "get_premium_block_left": "<ul>\r\n\t<li><strong>Gevel isolatie&nbsp;</strong>met rd - waarde van 4,5 m&sup2;K/W &ndash; Premie tot&nbsp;<strong>50%</strong>&nbsp;met maximum van&nbsp;<strong>6.000, - EUR</strong></li>\r\n\t<li><strong>Nieuwe ramen</strong>&nbsp;en deuren met een maximale U - waarde van 1.0 m&sup2;K/W (voor deuren maar 2.0 m&sup2;K/W ) &ndash; Premie tot&nbsp;<strong>50%</strong>&nbsp;met maximum van&nbsp;<strong>5.500, - EUR</strong></li>\r\n\t<li><strong>Asbestverwijdering</strong>&nbsp;Een premie van 8 EUR/ m&sup2; met een maximum van 50% van het factuurbedrag.</li>\r\n\t<li><strong>EPC labelpremie</strong>&nbsp;van label E/F naar label C of hoger . De premie is afhankelijk van stijging in energie - effici&euml;ntie die jouw woning ondergaat.</li>\r\n</ul>", "get_premium_block_right_title": "Wat zijn de voorwaarden?", "get_premium_block_right": "<ul>\r\n\t<li>De werken worden uitgevoerd door een erkend aannemer zoals Cleys BV.</li>\r\n\t<li>U kunt slechts om de 5 jaar eenzelfde premie aanvragen</li>\r\n\t<li>De merken/ producten die gebruikt worden, moeten over een Europese goedkeuring beschikken (ETA)</li>\r\n\t<li>Gebouw is 15 jaar of ouder</li>\r\n</ul>", "personal_situation_title": "Persoonlijke situatie", "personal_situation_sub_title": "SUBTITEL", "personal_situation_block": "<p>Niet iedereen heeft recht op evenveel premie s . Het volk wordt ingedeeld via verschillende parameters . Je ontvangt premies afhankelijk van tot welke categorie je be hoort.</p>\r\n\r\n<ul>\r\n\t<li>Gezamenlijk belastbaar inkomen van de eigenaar : in 3 categorie&euml;n (hoog, gemiddeld, laag)</li>\r\n\t<li>Gezinssituatie : samenwonend, alleenstaand, etc.</li>\r\n\t<li>Kinderen ten laste</li>\r\n\t<li>Andere investeerders: ondernemingen, natuurlijke personen, VME&rsquo;s</li>\r\n\t<li>Verhuurder via sociaal verhuurkantoor (= hoogste premie bedrag)</li>\r\n</ul>\r\n\r\n<p>Simuleer jouw premies via de premiesimulator van de Vlaamse Overheid</p>", "personal_situation_image": "premium_loans_page/ce__img-4.jpg"}}, {"model": "website.premiumloansslidermodel", "pk": 1, "fields": {"created_at": "2023-12-17T15:19:56.782Z", "updated_at": "2023-12-17T15:19:56.782Z", "slider_title": "Premies & Leningen", "slider_body": "Lorem ipsum dolor sit amet, consetetur sadipscing.", "banner_image": "sliders/banner_fills/showcase__bg-12.jpg", "page": 1}}, {"model": "website.privacypolicymodel", "pk": 1, "fields": {"created_at": "2023-12-17T15:03:56.692Z", "updated_at": "2023-12-17T15:03:56.692Z", "meta_title": "Privacy policy", "meta_description": "Privacy policy", "show_slider": false, "show_send_reviews_button": true, "head_title": "Privacy policy", "title": "Renovatiekrediet of rentesubsidie (vanaf 1 januari 2023)", "content": "<p>Lorem ipsum dolor sit amet, consetetur sadipscing elitr, sed diam nonumy eirmod tempor invidunt ut labore et dolore magna aliquyam erat, sed diam voluptua. At vero eos et accusam et justo duo dolores et ea rebum. Stet clita kasd gubergren, no sea takimata sanctus est Lorem ipsum dolor sit amet. Lorem ipsum dolor sit amet, consetetur sadipscing elitr, sed diam nonumy eirmod tempor invidunt ut labore et dolore magna aliquyam erat, sed diam voluptua. At vero eos et accusam et justo duo dolores et ea rebum. Stet clita kasd gubergren, no sea takimata sanctus est Lorem ipsum dolor sit amet.</p>\r\n\r\n<ol>\r\n\t<li>Lorem ipsum dolor sit amet consectetur adipisicing elit. Qui cumque ipsum temporibus. Praesentium natus neque sapiente dignissimos ipsum autem reprehenderit atque nihil. Officia dolorum dignissimos qui rem mollitia similique debitis.</li>\r\n\t<li>Lorem ipsum dolor sit amet consectetur adipisicing elit. Qui cumque ipsum temporibus. Praesentium natus neque sapiente dignissimos ipsum autem reprehenderit atque nihil. Officia dolorum dignissimos qui rem mollitia similique debitis.</li>\r\n</ol>\r\n\r\n<p>Lorem ipsum dolor sit amet, consetetur sadipscing elitr, sed diam nonumy eirmod tempor invidunt ut labore et dolore magna aliquyam erat, sed diam voluptua. At vero eos et accusam et justo duo dolores et ea rebum. Stet clita kasd gubergren, no sea takimata sanctus est Lorem ipsum dolor sit amet. Lorem ipsum dolor sit amet, consetetur sadipscing elitr, sed diam nonumy eirmod tempor invidunt ut labore et dolore magna aliquyam erat, sed diam voluptua. At vero eos et accusam et justo duo dolores et ea rebum. Stet clita kasd gubergren, no sea takimata sanctus est Lorem ipsum dolor sit amet.</p>"}}, {"model": "website.privacypolicysubblockmodel", "pk": 1, "fields": {"created_at": "2023-12-17T15:03:56.694Z", "updated_at": "2023-12-17T15:03:56.694Z", "page": 1, "title": "Titel", "content": "<p>Lorem ipsum dolor sit amet, consetetur sadipscing elitr, sed diam nonumy eirmod tempor invidunt ut labore et dolore magna aliquyam erat, sed diam voluptua. At vero eos et accusam et justo duo dolores et ea rebum. Stet clita kasd gubergren, no sea takimata sanctus est Lorem ipsum dolor sit amet. Lorem ipsum dolor sit amet, consetetur sadipscing elitr, sed diam nonumy eirmod tempor invidunt ut labore et dolore magna aliquyam erat, sed diam voluptua. At vero eos et accusam et justo duo dolores et ea rebum. Stet clita kasd gubergren, no sea takimata sanctus est Lorem ipsum dolor sit amet.</p>\r\n\r\n<ul>\r\n\t<li>Lorem ipsum dolor sit amet consectetur adipisicing elit. Qui cumque ipsum temporibus. Praesentium natus neque sapiente dignissimos ipsum autem reprehenderit atque nihil. Officia dolorum dignissimos qui rem mollitia similique debitis.</li>\r\n\t<li>Lorem ipsum dolor sit amet consectetur adipisicing elit. Qui cumque ipsum temporibus. Praesentium natus neque sapiente dignissimos ipsum autem reprehenderit atque nihil. Officia dolorum dignissimos qui rem mollitia similique debitis.</li>\r\n</ul>"}}, {"model": "website.metadatamodel", "pk": 1, "fields": {"created_at": "2023-12-17T14:45:09.988Z", "updated_at": "2023-12-17T14:45:09.988Z", "meta_title": "Home", "meta_description": "cleys.codelines"}}, {"model": "website.contactmodel", "pk": 3, "fields": {"created_at": "2023-12-17T14:38:37.226Z", "updated_at": "2023-12-17T14:41:32.794Z", "phone": "+32 3 877 93 23", "email": "info@cleys.be", "instagram_link": "https://www.instagram.com/cleysbv/", "facebook_link": "https://www.facebook.com/cleysbv/?ref=bookmarks"}}, {"model": "website.footermodel", "pk": 1, "fields": {"created_at": "2023-12-17T14:44:31.429Z", "updated_at": "2023-12-17T14:44:31.429Z", "description": "Met Cleys, de toonaangevende expert in gevelisolatie, wordt elke gevel een werk van comfort en energie-efficintie."}}, {"model": "website.appointmentmodel", "pk": 1, "fields": {"created_at": "2023-12-17T14:46:00.082Z", "updated_at": "2023-12-17T14:46:00.082Z", "image": "appointment/appointment__img.jpg", "sub_title": "Afspraak maken", "description": "We komen langs met vrijblijvend advies."}}, {"model": "website.calculatedblockmodel", "pk": 1, "fields": {"created_at": "2023-12-17T15:36:18.093Z", "updated_at": "2023-12-17T15:36:18.093Z", "title": "Bereken de prijs voor jouw nieuwe gevel", "sub_title": "VRAAG 1", "sub_title_two": "VRAAG 2", "description": "Gaat het om een nieuwbouw gevelbekleding of wens je gevels te renoveren", "description_two": "Welke afwerking wens je op je gevel?", "new_construction_text": "Nieuwbouw (21% BTW)", "renovation_text": "Renovatie (6% BTW)", "image": "calculate_block/calculator__img.jpg"}}, {"model": "website.reviewsstarsmodel", "pk": 1, "fields": {"created_at": "2023-12-17T14:42:43.209Z", "updated_at": "2023-12-17T14:43:51.035Z", "all_reviews": 156, "title": "Wat onze klanten zeggen", "stars": "4.8"}}, {"model": "website.reviewcommentsmodel", "pk": 1, "fields": {"created_at": "2023-12-17T14:43:51.036Z", "updated_at": "2023-12-17T14:43:51.036Z", "comment": "Lorem ipsum dolor sit, amet consectetur adipisicing elit. Vitae autem cumque, nostrum voluptatibus ab cupiditate reprehenderit! Molestiae nihil ipsum eaque explicabo. Nemo magni quos rerum laudantium, facere nam! Aliquid, atque.", "review": 1}}, {"model": "website.reviewcommentsmodel", "pk": 2, "fields": {"created_at": "2023-12-17T14:43:51.037Z", "updated_at": "2023-12-17T14:43:51.038Z", "comment": "Lorem ipsum dolor sit, amet consectetur adipisicing elit.", "review": 1}}, {"model": "website.reviewcommentsmodel", "pk": 3, "fields": {"created_at": "2023-12-17T14:43:51.038Z", "updated_at": "2023-12-17T14:43:51.038Z", "comment": "Lorem ipsum dolor sit, amet consectetur adipisicing elit. Vitae autem cumque, nostrum voluptatibus ab cupiditate reprehenderit! Molestiae", "review": 1}}, {"model": "website.contactpagemodel", "pk": 1, "fields": {"created_at": "2023-12-17T14:59:44.250Z", "updated_at": "2023-12-17T14:59:44.250Z", "meta_title": "Contact", "meta_description": "Contact", "show_slider": false, "show_send_reviews_button": true, "address_title": "Adresgegevens", "address_link": "https://cleys.codelines.dev/contact", "link_title": "Algemene voorwaarden"}}, {"model": "website.contactimageslidermodel", "pk": 1, "fields": {"created_at": "2023-12-17T14:59:44.251Z", "updated_at": "2023-12-17T14:59:44.251Z", "slider_title": "Contact opnemen", "slider_body": "Contacteer ons voor een vraag, opmerking of offerte!", "banner_image": "sliders/banner_fills/showcase__bg-1.jpg", "page": 1}}, {"model": "website.addressparagraphmodel", "pk": 1, "fields": {"created_at": "2023-12-17T14:59:44.253Z", "updated_at": "2023-12-17T14:59:44.253Z", "paragraph": "Grote Baan 54,", "page": 1}}, {"model": "website.addressparagraphmodel", "pk": 2, "fields": {"created_at": "2023-12-17T14:59:44.253Z", "updated_at": "2023-12-17T14:59:44.253Z", "paragraph": "9250 Waasmunster", "page": 1}}, {"model": "website.addressparagraphmodel", "pk": 3, "fields": {"created_at": "2023-12-17T14:59:44.253Z", "updated_at": "2023-12-17T14:59:44.253Z", "paragraph": "BE 471 821 955", "page": 1}}, {"model": "website.indexpagemodel", "pk": 1, "fields": {"created_at": "2023-12-17T17:37:00.118Z", "updated_at": "2023-12-17T17:41:53.606Z", "meta_title": "Home", "meta_description": "Cleys", "show_slider": true, "show_send_reviews_button": true, "introduction_left_title": "Cleys BV is expert in het isoleren van gebouwen volgens de laatste normen.", "introduction_left_sub_title": "JOUW EXPERT IN GEVELISOLATIE", "introduction_left_intro": "Hierdoor verlagen we jouw energie factuur en verhogen we jouw wooncomfort. Daarnaast werken we alles mooi af!", "introduction_left_content": "<p>Cleys BV bestaat al meer dan 20 jaar. We zijn een betrouwbaar, gezond en gekend bedrijf in de bouwsector. De passie voor het ondernemen en realiseren werd overgedragen van vader op zonen. Al sinds het absolute begin zorgen we ervoor dat jouw woning voldoet aan de isolatienormen van morgen. Cleys BV is dan ook d&eacute; geschikte partner voor gevelisolatie, dakisolatie en ramen &amp; deuren. Jouw gevels werken we af met crepi, spuitkurk of steenstrips.</p>", "introduction_right_sub_title": "WAAROM KIEZEN VOOR CLEYS", "introduction_right_header_title": "Jouw voordelen", "introduction_right_content": "<ul>\r\n\t<li>We brengen jouw vergunning in orde</li>\r\n\t<li>Betrouwbare aannemer</li>\r\n\t<li>Snelle service, van offerte tot oplevering</li>\r\n\t<li>Transparantie doorheen het project</li>\r\n\t<li>Correct facturatie</li>\r\n\t<li>Vlotte planning en opvolging</li>\r\n\t<li>10 jaar garantie</li>\r\n</ul>", "order_by": 0, "show_booking_section": true, "overview_title": "Hoe wij jouw gevel kunnen verbeteren.", "overview_sub_title": "WAT WE DOEN", "completed_projects_block_title": "Neem een kijkje bij onze tevreden klanten", "completed_projects_block_sub_title": "ONZE PROJECTEN", "completed_projects_block_description": "Hoe wij jouw gevel kunnen verbeteren."}}, {"model": "website.indexslidermodel", "pk": 1, "fields": {"created_at": "2023-12-17T17:41:53.607Z", "updated_at": "2023-12-17T17:41:53.607Z", "slider_title": "Meer wooncomfort, minder energieverlies", "slider_body": "Cleys isoleert jouw gevel, dak en ramen & deuren.", "banner_image": "sliders/banner_fills/showcase__bg-big-1_76yoS26.jpg", "page": 1}}, {"model": "website.indexslidermodel", "pk": 2, "fields": {"created_at": "2023-12-17T17:41:53.610Z", "updated_at": "2023-12-17T17:41:53.610Z", "slider_title": "Meer wooncomfort, minder energieverlies", "slider_body": "Cleys isoleert jouw gevel", "banner_image": "sliders/banner_fills/showcase__bg-2_sD9aYJ0.jpg", "page": 1}}, {"model": "website.singleprojectmodel", "pk": 1, "fields": {"created_at": "2023-12-17T17:56:16.974Z", "updated_at": "2023-12-17T18:03:14.219Z", "meta_title": "project", "meta_description": "project", "show_slider": false, "show_send_reviews_button": true, "gallery_title": "Fotografie & Videos", "gallery_sub_title": "BEELDEN", "show_booking_section": true, "specifications_block_one_title": "Project details", "specifications_block_tow_title": "De uitdaging", "related_categories": [1, 2]}}, {"model": "website.singleprojectslidermodel", "pk": 1, "fields": {"created_at": "2023-12-17T17:57:14.722Z", "updated_at": "2023-12-17T17:57:14.722Z", "slider_title": "Gevelisolatie & Crepi in Edegem", "slider_body": "De zijgevels van deze mooi gelegen VME zijn klaar voor de winter", "banner_image": "sliders/banner_fills/showcase__bg-11.jpg", "page": 1}}, {"model": "website.galleryitemmodel", "pk": 1, "fields": {"created_at": "2023-12-17T17:58:15.753Z", "updated_at": "2023-12-17T17:58:15.753Z", "page": 1, "image": "single_pages/images/project-item__slider-img1.jpg", "video": "", "video_poster": ""}}, {"model": "website.galleryitemmodel", "pk": 2, "fields": {"created_at": "2023-12-17T17:58:15.758Z", "updated_at": "2023-12-17T17:58:15.758Z", "page": 1, "image": "single_pages/images/project-item__slider-img2.jpg", "video": "", "video_poster": ""}}, {"model": "website.galleryitemmodel", "pk": 3, "fields": {"created_at": "2023-12-17T17:58:15.759Z", "updated_at": "2023-12-17T17:58:15.759Z", "page": 1, "image": "single_pages/images/project-item__slider-img1_8aAaxHj.jpg", "video": "", "video_poster": ""}}, {"model": "website.galleryitemmodel", "pk": 4, "fields": {"created_at": "2023-12-17T17:58:15.760Z", "updated_at": "2023-12-17T17:58:15.760Z", "page": 1, "image": "single_pages/images/project-item__slider-img2_OnrxJC7.jpg", "video": "", "video_poster": ""}}, {"model": "website.specificationsblockone", "pk": 1, "fields": {"created_at": "2023-12-17T18:00:04.474Z", "updated_at": "2023-12-17T18:00:04.474Z", "page": 1, "title": "Type project", "content": "Gevelisolatie & gevelbepleistering, afwerking met crpe"}}, {"model": "website.specificationsblockone", "pk": 2, "fields": {"created_at": "2023-12-17T18:00:04.474Z", "updated_at": "2023-12-17T18:00:04.474Z", "page": 1, "title": "Korrel", "content": "1,5 mm - 43p3"}}, {"model": "website.specificationsblockone", "pk": 3, "fields": {"created_at": "2023-12-17T18:00:04.475Z", "updated_at": "2023-12-17T18:00:04.475Z", "page": 1, "title": "Extras", "content": "Plint in granulaat korrel zwart"}}, {"model": "website.specificationsblockone", "pk": 4, "fields": {"created_at": "2023-12-17T18:00:04.475Z", "updated_at": "2023-12-17T18:00:04.475Z", "page": 1, "title": "Oppervlakte in m2", "content": "250"}}, {"model": "website.specificationsblockone", "pk": 5, "fields": {"created_at": "2023-12-17T18:00:04.475Z", "updated_at": "2023-12-17T18:00:04.475Z", "page": 1, "title": "Opdrachtgever", "content": "VME Ernest Jouretlaan"}}, {"model": "website.specificationsblockone", "pk": 6, "fields": {"created_at": "2023-12-17T18:00:04.475Z", "updated_at": "2023-12-17T18:00:04.475Z", "page": 1, "title": "Ligging", "content": "Edegem, Ernest Jouretlaan"}}, {"model": "website.specificationsblockone", "pk": 7, "fields": {"created_at": "2023-12-17T18:00:04.475Z", "updated_at": "2023-12-17T18:00:04.475Z", "page": 1, "title": "Architect", "content": "Er is niet met een architect gewerkt"}}, {"model": "website.specificationsblockone", "pk": 8, "fields": {"created_at": "2023-12-17T18:00:04.475Z", "updated_at": "2023-12-17T18:00:04.475Z", "page": 1, "title": "Aanvang der werken", "content": "Oktober 2023"}}, {"model": "website.specificationsblockone", "pk": 9, "fields": {"created_at": "2023-12-17T18:00:04.475Z", "updated_at": "2023-12-17T18:00:04.475Z", "page": 1, "title": "Uitvoeringstermijn", "content": "1,5 week"}}, {"model": "website.specificationsblocktwo", "pk": 1, "fields": {"created_at": "2023-12-17T18:00:29.274Z", "updated_at": "2023-12-17T18:00:29.274Z", "page": 1, "content": "Lorem ipsum dolor sit amet, consetetur sadipscing elitr, sed diam nonumy eirmod tempor invidunt ut labore et dolore magna aliquyam erat, sed diamvvvvas sd voluptua. At vero eos et accusam et justo duo dolores et ea rebum. Stet clita kasd gubergren."}}, {"model": "website.specificationsblocktwo", "pk": 2, "fields": {"created_at": "2023-12-17T18:00:29.275Z", "updated_at": "2023-12-17T18:00:29.275Z", "page": 1, "content": "Lorem ipsum dolor sit amet, consetetur sadipscing elitr, sed diam nonumy eirmod tempor invidunt ut labore et dolore magna aliquyam erat, sed diamvvvvas sd voluptua. At vero eos et accusam et justo duo dolores et ea rebum. Stet clita kasd gubergren."}}, {"model": "website.singlepageresultblock", "pk": 1, "fields": {"created_at": "2023-12-17T18:01:14.423Z", "updated_at": "2023-12-17T18:01:14.423Z", "title": "Geweldige resultaten!", "sub_title": "RESULTAAT", "image_before": "result_block/before/result__before_44MUEy3.jpg", "image_after": "result_block/after/result__after_YTT5vwI.jpg", "page": 1}}, {"model": "website.singlepagecalculatorblock", "pk": 1, "fields": {"created_at": "2023-12-17T18:02:26.216Z", "updated_at": "2023-12-17T18:02:26.216Z", "image": "calculate_block/calculator__img-7.jpg", "page": 1}}, {"model": "website.previewitemmodel", "pk": 1, "fields": {"created_at": "2023-12-17T18:03:14.220Z", "updated_at": "2023-12-17T18:03:14.220Z", "page": 1, "image": "single_pages/preview_images/project-single__img-1.jpg"}}, {"model": "website.previewitemmodel", "pk": 2, "fields": {"created_at": "2023-12-17T18:03:14.221Z", "updated_at": "2023-12-17T18:03:14.221Z", "page": 1, "image": "single_pages/preview_images/project-single__img-2.jpg"}}]